id,category,utterance
1,국내증시_종합,오늘 국내 증시 분위기 어때?
2,국내증시_종합,지금 코스피가 오르고 있어 내려가고 있어?
3,국내증시_종합,오늘 코스닥 흐름 좀 알려줘
4,국내증시_종합,국내 주식시장이 왜 이렇게 움직이는 거야?
5,국내증시_종합,오늘 증시 주요 이슈가 뭐야?
6,국내증시_종합,장 초반 시장 분위기 정리해줘
7,국내증시_종합,오늘 장 마감 결과 알려줘
8,국내증시_종합,지금 주식시장 전반적으로 강세야?
9,국내증시_종합,오늘 코스피 상승 종목이 더 많아?
10,국내증시_종합,오늘 국내 증시 한눈에 요약해줘
11,국내증시_종합,어제보다 시장 상황이 나아졌어?
12,국내증시_종합,오늘 증시 변동성이 큰 편이야?
13,국내증시_종합,현재 투자심리는 좋은 편이야?
14,국내증시_종합,오늘 시장에 영향을 준 뉴스가 뭐야?
15,국내증시_종합,지금 주식 들어가도 되는 분위기야?
16,해외증시,어젯밤 미국 증시 어떻게 끝났어?
17,해외증시,오늘 나스닥 흐름 알려줘
18,해외증시,다우지수는 왜 떨어졌어?
19,해외증시,S&P500 현재 상황이 어때?
20,해외증시,미국 주식시장이 오른 이유가 뭐야?
21,해외증시,유럽 증시 분위기도 알려줘
22,해외증시,중국 증시는 요즘 어때?
23,해외증시,일본 닛케이지수 흐름 알려줘
24,해외증시,미국 증시 주요 이슈만 요약해줘
25,해외증시,해외 증시가 국내 시장에 어떤 영향을 줄까?
26,해외증시,어제 뉴욕증시에서 기술주가 많이 빠졌어?
27,해외증시,미국 장 마감 결과 간단히 알려줘
28,해외증시,오늘 밤 미국 증시 전망은 어때?
29,해외증시,글로벌 증시가 전반적으로 약세야?
30,해외증시,해외 주식시장 변동성이 커진 이유가 뭐야?
31,환율,오늘 원달러 환율 얼마야?
32,환율,달러 환율이 왜 이렇게 올랐어?
33,환율,지금 환율이 떨어지는 이유가 뭐야?
34,환율,원화 가치가 요즘 약해진 거야?
35,환율,오늘 엔화 환율도 알려줘
36,환율,유로 환율은 어떻게 움직이고 있어?
37,환율,달러를 지금 환전하는 게 나을까?
38,환율,환율 전망 간단히 알려줘
39,환율,원달러 환율이 주식시장에 미치는 영향이 뭐야?
40,환율,환율이 오르면 수입 물가는 어떻게 돼?
41,환율,요즘 엔화가 싼 편이야?
42,환율,환율 변동성이 큰 이유가 뭔데?
43,환율,미국 금리랑 환율은 어떤 관계야?
44,환율,달러 강세가 계속될까?
45,환율,오늘 주요 통화 환율 한 번에 보여줘
46,금리_채권,현재 기준금리 몇 퍼센트야?
47,금리_채권,한국은행이 금리를 내릴 가능성이 있어?
48,금리_채권,미국 기준금리 전망은 어때?
49,금리_채권,시장금리가 왜 오르고 있어?
50,금리_채권,국채 금리 흐름 좀 알려줘
51,금리_채권,금리가 오르면 채권 가격은 왜 떨어져?
52,금리_채권,요즘 채권 투자 괜찮아?
53,금리_채권,은행 예금금리는 앞으로 내려갈까?
54,금리_채권,대출금리는 언제쯤 떨어질까?
55,금리_채권,미국 국채 10년물 금리가 왜 중요해?
56,금리_채권,금리 인하 기대가 주식시장에 미치는 영향은?
57,금리_채권,단기채랑 장기채 중에 뭐가 더 유리해?
58,금리_채권,오늘 채권시장 분위기 알려줘
59,금리_채권,기준금리 동결은 무슨 의미야?
60,금리_채권,금리 인상 가능성은 이제 낮아진 거야?
61,원자재,오늘 국제유가 얼마야?
62,원자재,기름값이 오르는 이유가 뭐야?
63,원자재,금 시세 요즘 어때?
64,원자재,지금 금을 사도 괜찮을까?
65,원자재,은 가격도 많이 올랐어?
66,원자재,원유 가격 전망 알려줘
67,원자재,국제유가가 국내 물가에 어떤 영향을 줘?
68,원자재,구리 가격이 왜 경기 지표로 쓰여?
69,원자재,원자재 시장 분위기 정리해줘
70,원자재,금값이 오르면 달러는 보통 어떻게 돼?
71,원자재,천연가스 가격 흐름 알려줘
72,원자재,요즘 원자재 가격이 전반적으로 상승 중이야?
73,원자재,유가가 내려가면 항공주에 좋은 거야?
74,원자재,금 가격이 사상 최고가라는 게 맞아?
75,원자재,원자재 투자할 때 주의할 점이 뭐야?
76,가상자산,오늘 비트코인 시세 어때?
77,가상자산,비트코인이 왜 갑자기 떨어졌어?
78,가상자산,이더리움 가격도 알려줘
79,가상자산,가상자산 시장 분위기 요약해줘
80,가상자산,비트코인 상승 이유가 뭐야?
81,가상자산,요즘 코인 시장 변동성이 왜 이렇게 커?
82,가상자산,비트코인과 나스닥이 같이 움직이는 이유가 있어?
83,가상자산,가상자산에 기관 자금이 들어오고 있어?
84,가상자산,알트코인 시장도 회복 중이야?
85,가상자산,코인 시장에 영향을 주는 주요 뉴스가 뭐야?
86,가상자산,비트코인 반감기가 가격에 어떤 영향을 줘?
87,가상자산,가상자산 투자심리는 지금 공포야 탐욕이야?
88,가상자산,비트코인 전망을 너무 어렵지 않게 설명해줘
89,가상자산,미국 금리 인하가 코인 가격에 호재야?
90,가상자산,오늘 주요 가상자산 가격 한 번에 알려줘
91,경제지표,오늘 발표된 경제지표가 뭐야?
92,경제지표,한국 경제성장률 전망 알려줘
93,경제지표,미국 물가 지표가 어떻게 나왔어?
94,경제지표,소비자물가지수가 왜 중요해?
95,경제지표,고용지표가 주식시장에 미치는 영향은?
96,경제지표,실업률이 올라가면 금리는 내려가?
97,경제지표,GDP가 정확히 뭐야?
98,경제지표,요즘 경기 침체 가능성이 큰 편이야?
99,경제지표,제조업 지수가 하락했다는 게 무슨 뜻이야?
100,경제지표,소비심리 지표는 지금 좋아지고 있어?
101,경제지표,수출입 지표가 국내 증시에 왜 중요해?
102,경제지표,경제지표 발표 일정 알려줘
103,경제지표,물가가 안정되고 있다는 신호가 있어?
104,경제지표,경기선행지수 흐름이 어때?
105,경제지표,최근 경제 상황을 지표 중심으로 요약해줘
106,물가_경기,요즘 물가가 실제로 내려가고 있어?
107,물가_경기,체감물가는 왜 계속 비싼 것 같지?
108,물가_경기,경기가 좋아지고 있는지 알려줘
109,물가_경기,지금은 경기 침체 국면이야?
110,물가_경기,스태그플레이션 가능성이 있어?
111,물가_경기,물가 상승률이 낮아지면 생활비도 바로 줄어?
112,물가_경기,내수 경기가 안 좋다는 근거가 뭐야?
113,물가_경기,요즘 소비가 줄고 있는 편이야?
114,물가_경기,기업 경기는 회복되고 있어?
115,물가_경기,부동산 경기와 전체 경제는 어떤 관계야?
116,물가_경기,경기 둔화가 예금금리에 영향 줘?
117,물가_경기,물가와 금리는 왜 같이 움직여?
118,물가_경기,최근 경기 전망을 쉽게 설명해줘
119,물가_경기,한국 경제가 불황에 들어간 거야?
120,물가_경기,지금 경제 상황에서 현금을 들고 있는 게 나아?
121,산업_업종,오늘 반도체 업종 분위기 어때?
122,산업_업종,은행주가 오르는 이유가 뭐야?
123,산업_업종,자동차주 전망 알려줘
124,산업_업종,2차전지 관련주가 왜 약해?
125,산업_업종,바이오주는 요즘 어떤 흐름이야?
126,산업_업종,증권주가 금리 인하 수혜를 받을까?
127,산업_업종,건설업 경기가 많이 안 좋은 편이야?
128,산업_업종,조선주가 강세인 이유가 뭐야?
129,산업_업종,방산주는 앞으로도 괜찮을까?
130,산업_업종,AI 관련주가 너무 오른 거 아니야?
131,산업_업종,오늘 가장 강한 업종이 어디야?
132,산업_업종,오늘 약세인 업종도 알려줘
133,산업_업종,환율 상승 수혜 업종은 뭐야?
134,산업_업종,유가 상승으로 영향을 받는 업종이 어디야?
135,산업_업종,업종별 시장 흐름을 간단히 정리해줘
136,외국인_기관_수급,오늘 외국인이 주식을 사고 있어?
137,외국인_기관_수급,외국인 순매수 종목 알려줘
138,외국인_기관_수급,기관은 오늘 매수 우위야?
139,외국인_기관_수급,개인 투자자만 사고 있는 장이야?
140,외국인_기관_수급,외국인이 계속 파는 이유가 뭐야?
141,외국인_기관_수급,수급이 좋다는 게 무슨 뜻이야?
142,외국인_기관_수급,오늘 코스피 투자자별 매매 동향 알려줘
143,외국인_기관_수급,외국인 선물 매매도 확인할 수 있어?
144,외국인_기관_수급,기관 수급이 강한 업종은 어디야?
145,외국인_기관_수급,연기금이 요즘 주식을 사고 있어?
146,외국인_기관_수급,외국인 자금이 다시 들어오는 분위기야?
147,외국인_기관_수급,환율이 외국인 수급에 어떤 영향을 줘?
148,외국인_기관_수급,프로그램 매매가 시장을 끌어내린 거야?
149,외국인_기관_수급,오늘 수급 기준으로 시장을 분석해줘
150,외국인_기관_수급,오늘 외국인과 기관이 동시에 사고 있는 종목이 있어?
151,기업실적_뉴스,오늘 주요 기업 실적 발표 뭐가 있어?
152,기업실적_뉴스,삼성전자 실적이 시장 예상보다 잘 나왔어?
153,기업실적_뉴스,기업 실적이 좋은데도 주가가 떨어지는 이유가 뭐야?
154,기업실적_뉴스,실적 시즌이 주식시장에 미치는 영향 알려줘
155,기업실적_뉴스,오늘 증시에 영향 준 기업 뉴스가 뭐야?
156,기업실적_뉴스,매출은 늘었는데 영업이익이 줄면 안 좋은 거야?
157,기업실적_뉴스,어닝 서프라이즈가 무슨 뜻이야?
158,기업실적_뉴스,실적 전망이 하향됐다는 건 어떤 의미야?
159,기업실적_뉴스,배당 발표가 주가에 영향을 줘?
160,기업실적_뉴스,자사주 매입은 보통 호재야?
161,기업실적_뉴스,유상증자는 왜 악재로 보는 경우가 많아?
162,기업실적_뉴스,기업 인수합병 뉴스가 주가에 어떤 영향을 줘?
163,기업실적_뉴스,오늘 공시 중에 중요한 것만 알려줘
164,기업실적_뉴스,실적 발표 전에 주가가 먼저 움직이는 이유가 뭐야
165,기업실적_뉴스,컨센서스보다 실적이 낮게 나오면 주가가 얼마나 영향받아?
166,정책_중앙은행,한국은행 발표 내용 요약해줘
167,정책_중앙은행,미국 연준이 이번에 뭐라고 했어?
168,정책_중앙은행,FOMC 결과가 시장 예상과 달랐어?
169,정책_중앙은행,정부 경제정책이 증시에 어떤 영향을 줄까?
170,정책_중앙은행,금융당국 발표 중 중요한 내용 있어?
171,정책_중앙은행,통화정책이 완화적이라는 게 무슨 뜻이야?
172,정책_중앙은행,연준 의장 발언이 왜 시장을 움직여?
173,정책_중앙은행,금리 점도표는 어떻게 보는 거야?
174,정책_중앙은행,양적긴축을 중단하면 시장에 호재야?
175,정책_중앙은행,정부의 부동산 대책이 금융시장에 미치는 영향은?
176,정책_중앙은행,재정지출 확대가 물가를 올릴 수 있어?
177,정책_중앙은행,중앙은행이 환율을 직접 관리할 수 있어?
178,정책_중앙은행,금리 인하 시점에 대한 최근 발언 알려줘
179,정책_중앙은행,정책 발표 이후 시장 반응을 정리해줘
180,투자심리_리스크,지금 시장 공포가 큰 편이야?
181,투자심리_리스크,변동성지수는 현재 어느 정도야?
182,투자심리_리스크,요즘 증시가 불안한 이유가 뭐야?
183,투자심리_리스크,지정학적 위험이 시장에 미치는 영향 알려줘
184,투자심리_리스크,경기 침체 우려가 이미 주가에 반영됐어?
185,투자심리_리스크,지금 위험자산 선호가 강한 상황이야?
186,투자심리_리스크,안전자산으로 돈이 이동하고 있어?
187,투자심리_리스크,시장 급락 가능성이 높은 편이야?
188,투자심리_리스크,요즘 투자자들이 가장 걱정하는 게 뭐야?
189,투자심리_리스크,증시 과열 여부를 확인하는 지표가 있어?
190,투자심리_리스크,공포탐욕지수는 어떻게 해석해?
191,투자심리_리스크,시장이 조정을 받는다는 게 무슨 뜻이야?
192,투자심리_리스크,리스크 오프 분위기라는 말이 무슨 의미야?
193,투자심리_리스크,현재 금융시장 위험 요인을 정리해줘
