text,entity_type,entity
우리 계좌 904-543676-47 거래내역 조회해줘,ACCOUNT,904-543676-47
한하아 명의 계좌 확인 부탁드립니다,NAME,한하아
휴대폰 번호 010-2016-6675로 본인인증 문자 다시 보내줘,PHONE,010-2016-6675
금융정보 확인 부탁해요 주민번호 898659-1682384 예요,RRN,898659-1682384
우리 계좌 634-139122-94 거래내역 조회해줘,ACCOUNT,634-139122-94
전자문서 받을 주소는 upduwl72@example.com 입니다,EMAIL,upduwl72@example.com
이메일 pioprk43@example.com로 거래내역 보내주세요,EMAIL,pioprk43@example.com
대출 상담 연락은 010-9877-7192로 주세요,PHONE,010-9877-7192
전자문서 받을 주소는 manaec49@example.com 입니다,EMAIL,manaec49@example.com
알림 받을 전화번호 010-8063-1267 등록해주세요,PHONE,010-8063-1267
연락처 변경할게요 새 번호는 010-8999-9866 입니다,PHONE,010-8999-9866
본인인증이 안돼요 제 주민등록번호는 991458-2218522 입니다 확인해주세요,RRN,991458-2218522
내 국민 353-477624-51 계좌 잔액 확인 가능해?,ACCOUNT,353-477624-51
전자문서 받을 주소는 hgpihk25@example.com 입니다,EMAIL,hgpihk25@example.com
본인인증이 안돼요 제 주민등록번호는 736497-3375291 입니다 확인해주세요,RRN,736497-3375291
휴대폰 번호 010-6491-1396로 본인인증 문자 다시 보내줘,PHONE,010-6491-1396
이메일 dkchhi55@example.com로 거래내역 보내주세요,EMAIL,dkchhi55@example.com
안녕하세요 장도율입니다 금융 상담 받고싶어요,NAME,장도율
금융정보 확인 부탁해요 주민번호 793110-3718494 예요,RRN,793110-3718494
신한 계좌 239-924806-52 거래내역 조회해줘,ACCOUNT,239-924806-52
농협 계좌 497-457751-54 거래내역 조회해줘,ACCOUNT,497-457751-54
금융정보 확인 부탁해요 주민번호 688835-2662661 예요,RRN,688835-2662661
제 이름 서예우인데 대출 한도 조회해주세요,NAME,서예우
휴대폰 번호 010-6390-4621로 본인인증 문자 다시 보내줘,PHONE,010-6390-4621
송금 오류났는데 출금계좌 611-718400-30 확인해줘,ACCOUNT,611-718400-30
대출 상담 연락은 010-2570-9693로 주세요,PHONE,010-2570-9693
대출 상담 연락은 010-9767-3800로 주세요,PHONE,010-9767-3800
대출 상담 연락은 010-7926-4452로 주세요,PHONE,010-7926-4452
휴대폰 번호 010-9671-7724로 본인인증 문자 다시 보내줘,PHONE,010-9671-7724
예금 가입자명이 서영희으로 되어있는지 확인해주세요,NAME,서영희
제 이름 임유림인데 대출 한도 조회해주세요,NAME,임유림
카카오뱅크 계좌 961-272759-22 거래내역 조회해줘,ACCOUNT,961-272759-22
알림 받을 전화번호 010-8283-5372 등록해주세요,PHONE,010-8283-5372
본인인증이 안돼요 제 주민등록번호는 956255-2457951 입니다 확인해주세요,RRN,956255-2457951
대출 상담 연락은 010-9812-6613로 주세요,PHONE,010-9812-6613
제 이름 권준빈인데 대출 한도 조회해주세요,NAME,권준빈
이메일 fggojp75@example.com로 거래내역 보내주세요,EMAIL,fggojp75@example.com
내 농협 513-173709-91 계좌 잔액 확인 가능해?,ACCOUNT,513-173709-91
연락처 변경할게요 새 번호는 010-5239-7073 입니다,PHONE,010-5239-7073
내 신한 464-412434-88 계좌 잔액 확인 가능해?,ACCOUNT,464-412434-88
명세서 수신 메일을 kztiqo76@example.com로 변경해주세요,EMAIL,kztiqo76@example.com
내 하나 405-900694-47 계좌 잔액 확인 가능해?,ACCOUNT,405-900694-47
자동이체 등록하려는데 계좌번호 130-111898-89 입니다,ACCOUNT,130-111898-89
휴대폰 번호 010-2925-6724로 본인인증 문자 다시 보내줘,PHONE,010-2925-6724
휴대폰 번호 010-7446-9503로 본인인증 문자 다시 보내줘,PHONE,010-7446-9503
계좌 개설하려고 하는데 798083-2260672 로 인증 가능할까요,RRN,798083-2260672
대출 신청하려는데 주민번호 975395-1648917 입력하면 조회되나요?,RRN,975395-1648917
송금 오류났는데 출금계좌 613-948970-29 확인해줘,ACCOUNT,613-948970-29
제 이름 임민연인데 대출 한도 조회해주세요,NAME,임민연
가입 이메일 cfejvy86@example.com 확인 부탁드려요,EMAIL,cfejvy86@example.com
대출 신청하려는데 주민번호 755464-2677996 입력하면 조회되나요?,RRN,755464-2677996
알림 받을 전화번호 010-6615-9924 등록해주세요,PHONE,010-6615-9924
연락처 변경할게요 새 번호는 010-7500-5296 입니다,PHONE,010-7500-5296
최민우 명의 계좌 확인 부탁드립니다,NAME,최민우
명세서 수신 메일을 dobdbr93@example.com로 변경해주세요,EMAIL,dobdbr93@example.com
이메일 pjvbtw73@example.com로 거래내역 보내주세요,EMAIL,pjvbtw73@example.com
안녕하세요 김하아입니다 금융 상담 받고싶어요,NAME,김하아
대출 상담 연락은 010-5015-8114로 주세요,PHONE,010-5015-8114
송금 오류났는데 출금계좌 318-176964-49 확인해줘,ACCOUNT,318-176964-49
이메일 yzfuvy27@example.com로 거래내역 보내주세요,EMAIL,yzfuvy27@example.com
제 이름 윤서연인데 대출 한도 조회해주세요,NAME,윤서연
내 농협 265-693705-45 계좌 잔액 확인 가능해?,ACCOUNT,265-693705-45
제 이름 임지아인데 대출 한도 조회해주세요,NAME,임지아
신한 계좌 425-923064-70 거래내역 조회해줘,ACCOUNT,425-923064-70
금융정보 확인 부탁해요 주민번호 785647-2395093 예요,RRN,785647-2395093
이메일 bzndde23@example.com로 거래내역 보내주세요,EMAIL,bzndde23@example.com
계좌 개설하려고 하는데 615674-4406067 로 인증 가능할까요,RRN,615674-4406067
자동이체 등록하려는데 계좌번호 568-771737-31 입니다,ACCOUNT,568-771737-31
신한 계좌 207-122166-30 거래내역 조회해줘,ACCOUNT,207-122166-30
예금 가입자명이 강유빈으로 되어있는지 확인해주세요,NAME,강유빈
본인인증이 안돼요 제 주민등록번호는 907609-1235497 입니다 확인해주세요,RRN,907609-1235497
대출 상담 연락은 010-6287-6766로 주세요,PHONE,010-6287-6766
송금 오류났는데 출금계좌 311-792505-24 확인해줘,ACCOUNT,311-792505-24
가입 이메일 maeawp30@example.com 확인 부탁드려요,EMAIL,maeawp30@example.com
토스뱅크 계좌 992-837539-65 거래내역 조회해줘,ACCOUNT,992-837539-65
휴대폰 번호 010-9366-9461로 본인인증 문자 다시 보내줘,PHONE,010-9366-9461
이메일 mgfuep13@example.com로 거래내역 보내주세요,EMAIL,mgfuep13@example.com
가입 이메일 tvhiir86@example.com 확인 부탁드려요,EMAIL,tvhiir86@example.com
하나 계좌 141-179833-82 거래내역 조회해줘,ACCOUNT,141-179833-82
오민율 명의 계좌 확인 부탁드립니다,NAME,오민율
자동이체 등록하려는데 계좌번호 185-663273-28 입니다,ACCOUNT,185-663273-28
본인인증이 안돼요 제 주민등록번호는 710497-4406120 입니다 확인해주세요,RRN,710497-4406120
강현림 명의 계좌 확인 부탁드립니다,NAME,강현림
대출 상담 연락은 010-5624-3797로 주세요,PHONE,010-5624-3797
안녕하세요 김현연입니다 금융 상담 받고싶어요,NAME,김현연
금융정보 확인 부탁해요 주민번호 814985-3659187 예요,RRN,814985-3659187
자동이체 등록하려는데 계좌번호 937-674229-44 입니다,ACCOUNT,937-674229-44
알림 받을 전화번호 010-9627-1860 등록해주세요,PHONE,010-9627-1860
대출 신청하려는데 주민번호 908893-2597706 입력하면 조회되나요?,RRN,908893-2597706
안녕하세요 박현진입니다 금융 상담 받고싶어요,NAME,박현진
김예호 명의 계좌 확인 부탁드립니다,NAME,김예호
자동이체 등록하려는데 계좌번호 884-477721-77 입니다,ACCOUNT,884-477721-77
이메일 krugid43@example.com로 거래내역 보내주세요,EMAIL,krugid43@example.com
명세서 수신 메일을 rwkanc22@example.com로 변경해주세요,EMAIL,rwkanc22@example.com
알림 받을 전화번호 010-1338-7594 등록해주세요,PHONE,010-1338-7594
정민빈 명의 계좌 확인 부탁드립니다,NAME,정민빈
정예우 명의 계좌 확인 부탁드립니다,NAME,정예우
대출 상담 연락은 010-9493-4856로 주세요,PHONE,010-9493-4856
예금 가입자명이 신지호으로 되어있는지 확인해주세요,NAME,신지호
윤예훈 명의 계좌 확인 부탁드립니다,NAME,윤예훈
명세서 수신 메일을 oqvflk24@example.com로 변경해주세요,EMAIL,oqvflk24@example.com
전자문서 받을 주소는 evdjuf37@example.com 입니다,EMAIL,evdjuf37@example.com
내 신한 975-179600-16 계좌 잔액 확인 가능해?,ACCOUNT,975-179600-16
송금 오류났는데 출금계좌 390-912594-84 확인해줘,ACCOUNT,390-912594-84
연락처 변경할게요 새 번호는 010-4775-6030 입니다,PHONE,010-4775-6030
명세서 수신 메일을 srgnnr44@example.com로 변경해주세요,EMAIL,srgnnr44@example.com
안녕하세요 권은진입니다 금융 상담 받고싶어요,NAME,권은진
휴대폰 번호 010-7987-8768로 본인인증 문자 다시 보내줘,PHONE,010-7987-8768
안녕하세요 윤현석입니다 금융 상담 받고싶어요,NAME,윤현석
자동이체 등록하려는데 계좌번호 491-413734-61 입니다,ACCOUNT,491-413734-61
내 농협 930-868058-58 계좌 잔액 확인 가능해?,ACCOUNT,930-868058-58
농협 계좌 721-180196-51 거래내역 조회해줘,ACCOUNT,721-180196-51
예금 가입자명이 김지희으로 되어있는지 확인해주세요,NAME,김지희
휴대폰 번호 010-8909-6623로 본인인증 문자 다시 보내줘,PHONE,010-8909-6623
농협 계좌 687-585479-19 거래내역 조회해줘,ACCOUNT,687-585479-19
제 이름 오유호인데 대출 한도 조회해주세요,NAME,오유호
대출 상담 연락은 010-7371-5210로 주세요,PHONE,010-7371-5210
예금 가입자명이 권현빈으로 되어있는지 확인해주세요,NAME,권현빈
안녕하세요 서서호입니다 금융 상담 받고싶어요,NAME,서서호
안녕하세요 이지희입니다 금융 상담 받고싶어요,NAME,이지희
이메일 rjyqim87@example.com로 거래내역 보내주세요,EMAIL,rjyqim87@example.com
이메일 lcgiga93@example.com로 거래내역 보내주세요,EMAIL,lcgiga93@example.com
휴대폰 번호 010-5228-1936로 본인인증 문자 다시 보내줘,PHONE,010-5228-1936
명세서 수신 메일을 qmhfmi94@example.com로 변경해주세요,EMAIL,qmhfmi94@example.com
알림 받을 전화번호 010-3157-1235 등록해주세요,PHONE,010-3157-1235
제 이름 신성훈인데 대출 한도 조회해주세요,NAME,신성훈
계좌 개설하려고 하는데 773965-1304795 로 인증 가능할까요,RRN,773965-1304795
명세서 수신 메일을 myxhqh32@example.com로 변경해주세요,EMAIL,myxhqh32@example.com
이영아 명의 계좌 확인 부탁드립니다,NAME,이영아
김준진 명의 계좌 확인 부탁드립니다,NAME,김준진
가입 이메일 qgihwf10@example.com 확인 부탁드려요,EMAIL,qgihwf10@example.com
내 신한 380-458480-25 계좌 잔액 확인 가능해?,ACCOUNT,380-458480-25
강민율 명의 계좌 확인 부탁드립니다,NAME,강민율
국민 계좌 567-802125-39 거래내역 조회해줘,ACCOUNT,567-802125-39
가입 이메일 kgwjno42@example.com 확인 부탁드려요,EMAIL,kgwjno42@example.com
안녕하세요 강성율입니다 금융 상담 받고싶어요,NAME,강성율
자동이체 등록하려는데 계좌번호 888-143423-33 입니다,ACCOUNT,888-143423-33
휴대폰 번호 010-9795-9071로 본인인증 문자 다시 보내줘,PHONE,010-9795-9071
가입 이메일 znodou39@example.com 확인 부탁드려요,EMAIL,znodou39@example.com
하나 계좌 296-317893-14 거래내역 조회해줘,ACCOUNT,296-317893-14
전자문서 받을 주소는 nbrruk67@example.com 입니다,EMAIL,nbrruk67@example.com
송금 오류났는데 출금계좌 219-106892-42 확인해줘,ACCOUNT,219-106892-42
김현석 명의 계좌 확인 부탁드립니다,NAME,김현석
송금 오류났는데 출금계좌 616-698361-10 확인해줘,ACCOUNT,616-698361-10
금융정보 확인 부탁해요 주민번호 959532-4328160 예요,RRN,959532-4328160
가입 이메일 yhbyoc17@example.com 확인 부탁드려요,EMAIL,yhbyoc17@example.com
본인인증이 안돼요 제 주민등록번호는 656227-4032842 입니다 확인해주세요,RRN,656227-4032842
토스뱅크 계좌 677-202607-37 거래내역 조회해줘,ACCOUNT,677-202607-37
계좌 개설하려고 하는데 660631-1995486 로 인증 가능할까요,RRN,660631-1995486
명세서 수신 메일을 shcvmp51@example.com로 변경해주세요,EMAIL,shcvmp51@example.com
대출 상담 연락은 010-4203-7914로 주세요,PHONE,010-4203-7914
휴대폰 번호 010-2110-5355로 본인인증 문자 다시 보내줘,PHONE,010-2110-5355
전자문서 받을 주소는 frvcxf33@example.com 입니다,EMAIL,frvcxf33@example.com
연락처 변경할게요 새 번호는 010-3488-1188 입니다,PHONE,010-3488-1188
신태희 명의 계좌 확인 부탁드립니다,NAME,신태희
휴대폰 번호 010-7411-6891로 본인인증 문자 다시 보내줘,PHONE,010-7411-6891
강도빈 명의 계좌 확인 부탁드립니다,NAME,강도빈
알림 받을 전화번호 010-1666-3419 등록해주세요,PHONE,010-1666-3419
금융정보 확인 부탁해요 주민번호 605661-1845504 예요,RRN,605661-1845504
자동이체 등록하려는데 계좌번호 406-379135-80 입니다,ACCOUNT,406-379135-80
제 이름 한예빈인데 대출 한도 조회해주세요,NAME,한예빈
자동이체 등록하려는데 계좌번호 485-747388-91 입니다,ACCOUNT,485-747388-91
대출 상담 연락은 010-8078-9956로 주세요,PHONE,010-8078-9956
계좌 개설하려고 하는데 914381-3556097 로 인증 가능할까요,RRN,914381-3556097
알림 받을 전화번호 010-5422-4909 등록해주세요,PHONE,010-5422-4909
계좌 개설하려고 하는데 636389-2329159 로 인증 가능할까요,RRN,636389-2329159
자동이체 등록하려는데 계좌번호 446-260190-64 입니다,ACCOUNT,446-260190-64
전자문서 받을 주소는 gawckn58@example.com 입니다,EMAIL,gawckn58@example.com
명세서 수신 메일을 heafht87@example.com로 변경해주세요,EMAIL,heafht87@example.com
내 토스뱅크 681-547533-16 계좌 잔액 확인 가능해?,ACCOUNT,681-547533-16
서서빈 명의 계좌 확인 부탁드립니다,NAME,서서빈
계좌 개설하려고 하는데 681401-4668559 로 인증 가능할까요,RRN,681401-4668559
이메일 zhdwsq90@example.com로 거래내역 보내주세요,EMAIL,zhdwsq90@example.com
자동이체 등록하려는데 계좌번호 314-413164-67 입니다,ACCOUNT,314-413164-67
계좌 개설하려고 하는데 898986-2861500 로 인증 가능할까요,RRN,898986-2861500
계좌 개설하려고 하는데 733083-2403952 로 인증 가능할까요,RRN,733083-2403952
오은석 명의 계좌 확인 부탁드립니다,NAME,오은석
이서연 명의 계좌 확인 부탁드립니다,NAME,이서연
대출 신청하려는데 주민번호 665119-4543895 입력하면 조회되나요?,RRN,665119-4543895
안녕하세요 김태원입니다 금융 상담 받고싶어요,NAME,김태원
농협 계좌 201-719946-25 거래내역 조회해줘,ACCOUNT,201-719946-25
내 신한 341-791328-19 계좌 잔액 확인 가능해?,ACCOUNT,341-791328-19
전자문서 받을 주소는 obyjfr41@example.com 입니다,EMAIL,obyjfr41@example.com
자동이체 등록하려는데 계좌번호 438-980784-77 입니다,ACCOUNT,438-980784-77
본인인증이 안돼요 제 주민등록번호는 958174-1593578 입니다 확인해주세요,RRN,958174-1593578
본인인증이 안돼요 제 주민등록번호는 684641-2273496 입니다 확인해주세요,RRN,684641-2273496
금융정보 확인 부탁해요 주민번호 653274-1576998 예요,RRN,653274-1576998
휴대폰 번호 010-4089-6558로 본인인증 문자 다시 보내줘,PHONE,010-4089-6558
안녕하세요 신서연입니다 금융 상담 받고싶어요,NAME,신서연
명세서 수신 메일을 soxjqn55@example.com로 변경해주세요,EMAIL,soxjqn55@example.com
대출 신청하려는데 주민번호 968176-4622004 입력하면 조회되나요?,RRN,968176-4622004
계좌 개설하려고 하는데 722710-4239511 로 인증 가능할까요,RRN,722710-4239511
알림 받을 전화번호 010-4858-7175 등록해주세요,PHONE,010-4858-7175
대출 상담 연락은 010-4074-6686로 주세요,PHONE,010-4074-6686
안녕하세요 신민희입니다 금융 상담 받고싶어요,NAME,신민희
신수빈 명의 계좌 확인 부탁드립니다,NAME,신수빈
알림 받을 전화번호 010-7831-7081 등록해주세요,PHONE,010-7831-7081
자동이체 등록하려는데 계좌번호 496-155262-40 입니다,ACCOUNT,496-155262-40
내 하나 688-448912-52 계좌 잔액 확인 가능해?,ACCOUNT,688-448912-52
명세서 수신 메일을 salwvt93@example.com로 변경해주세요,EMAIL,salwvt93@example.com
내 농협 259-378533-87 계좌 잔액 확인 가능해?,ACCOUNT,259-378533-87
전자문서 받을 주소는 dxhbey44@example.com 입니다,EMAIL,dxhbey44@example.com
알림 받을 전화번호 010-4824-9990 등록해주세요,PHONE,010-4824-9990
자동이체 등록하려는데 계좌번호 314-362128-95 입니다,ACCOUNT,314-362128-95
한민우 명의 계좌 확인 부탁드립니다,NAME,한민우
내 우리 615-618269-18 계좌 잔액 확인 가능해?,ACCOUNT,615-618269-18
예금 가입자명이 오도아으로 되어있는지 확인해주세요,NAME,오도아
송금 오류났는데 출금계좌 234-991371-17 확인해줘,ACCOUNT,234-991371-17
전자문서 받을 주소는 ruygxn30@example.com 입니다,EMAIL,ruygxn30@example.com
전자문서 받을 주소는 aijuyr62@example.com 입니다,EMAIL,aijuyr62@example.com
예금 가입자명이 김수림으로 되어있는지 확인해주세요,NAME,김수림
대출 상담 연락은 010-3973-4751로 주세요,PHONE,010-3973-4751
제 이름 최유진인데 대출 한도 조회해주세요,NAME,최유진
송금 오류났는데 출금계좌 340-575693-66 확인해줘,ACCOUNT,340-575693-66
자동이체 등록하려는데 계좌번호 255-899360-74 입니다,ACCOUNT,255-899360-74
이메일 mekmpq23@example.com로 거래내역 보내주세요,EMAIL,mekmpq23@example.com
금융정보 확인 부탁해요 주민번호 922733-4167071 예요,RRN,922733-4167071
송금 오류났는데 출금계좌 520-607773-40 확인해줘,ACCOUNT,520-607773-40
가입 이메일 ijamfh90@example.com 확인 부탁드려요,EMAIL,ijamfh90@example.com
알림 받을 전화번호 010-5408-6062 등록해주세요,PHONE,010-5408-6062
예금 가입자명이 정하원으로 되어있는지 확인해주세요,NAME,정하원
오준림 명의 계좌 확인 부탁드립니다,NAME,오준림
안녕하세요 정태석입니다 금융 상담 받고싶어요,NAME,정태석
명세서 수신 메일을 nidrwn15@example.com로 변경해주세요,EMAIL,nidrwn15@example.com
연락처 변경할게요 새 번호는 010-9630-5004 입니다,PHONE,010-9630-5004
연락처 변경할게요 새 번호는 010-8257-8061 입니다,PHONE,010-8257-8061
농협 계좌 593-252100-32 거래내역 조회해줘,ACCOUNT,593-252100-32
명세서 수신 메일을 kolanl23@example.com로 변경해주세요,EMAIL,kolanl23@example.com
농협 계좌 660-103635-14 거래내역 조회해줘,ACCOUNT,660-103635-14
대출 신청하려는데 주민번호 747608-3461473 입력하면 조회되나요?,RRN,747608-3461473
연락처 변경할게요 새 번호는 010-1859-2925 입니다,PHONE,010-1859-2925
명세서 수신 메일을 bdyhhv17@example.com로 변경해주세요,EMAIL,bdyhhv17@example.com
자동이체 등록하려는데 계좌번호 140-735457-18 입니다,ACCOUNT,140-735457-18
대출 상담 연락은 010-6536-7151로 주세요,PHONE,010-6536-7151
금융정보 확인 부탁해요 주민번호 689878-4071770 예요,RRN,689878-4071770
제 이름 조도진인데 대출 한도 조회해주세요,NAME,조도진
안녕하세요 권태빈입니다 금융 상담 받고싶어요,NAME,권태빈
송금 오류났는데 출금계좌 754-135201-97 확인해줘,ACCOUNT,754-135201-97
송금 오류났는데 출금계좌 820-237126-86 확인해줘,ACCOUNT,820-237126-86
본인인증이 안돼요 제 주민등록번호는 654442-2275197 입니다 확인해주세요,RRN,654442-2275197
이메일 rxqvhi23@example.com로 거래내역 보내주세요,EMAIL,rxqvhi23@example.com
자동이체 등록하려는데 계좌번호 541-557727-70 입니다,ACCOUNT,541-557727-70
정은호 명의 계좌 확인 부탁드립니다,NAME,정은호
서수우 명의 계좌 확인 부탁드립니다,NAME,서수우
자동이체 등록하려는데 계좌번호 171-652426-95 입니다,ACCOUNT,171-652426-95
전자문서 받을 주소는 epynwb3@example.com 입니다,EMAIL,epynwb3@example.com
대출 상담 연락은 010-4465-2647로 주세요,PHONE,010-4465-2647
본인인증이 안돼요 제 주민등록번호는 886817-3151307 입니다 확인해주세요,RRN,886817-3151307
본인인증이 안돼요 제 주민등록번호는 677660-4361286 입니다 확인해주세요,RRN,677660-4361286
전자문서 받을 주소는 hwafao65@example.com 입니다,EMAIL,hwafao65@example.com
송금 오류났는데 출금계좌 593-928286-30 확인해줘,ACCOUNT,593-928286-30
가입 이메일 rwxfqv69@example.com 확인 부탁드려요,EMAIL,rwxfqv69@example.com
전자문서 받을 주소는 sezjwi90@example.com 입니다,EMAIL,sezjwi90@example.com
휴대폰 번호 010-8985-2808로 본인인증 문자 다시 보내줘,PHONE,010-8985-2808
계좌 개설하려고 하는데 772973-3347170 로 인증 가능할까요,RRN,772973-3347170
제 이름 정태호인데 대출 한도 조회해주세요,NAME,정태호
강민연 명의 계좌 확인 부탁드립니다,NAME,강민연
윤현빈 명의 계좌 확인 부탁드립니다,NAME,윤현빈
대출 신청하려는데 주민번호 907436-2912727 입력하면 조회되나요?,RRN,907436-2912727
자동이체 등록하려는데 계좌번호 207-875458-22 입니다,ACCOUNT,207-875458-22
금융정보 확인 부탁해요 주민번호 780498-3796332 예요,RRN,780498-3796332
안녕하세요 최현율입니다 금융 상담 받고싶어요,NAME,최현율
자동이체 등록하려는데 계좌번호 773-795638-14 입니다,ACCOUNT,773-795638-14
이메일 qstmux57@example.com로 거래내역 보내주세요,EMAIL,qstmux57@example.com
휴대폰 번호 010-2848-3218로 본인인증 문자 다시 보내줘,PHONE,010-2848-3218
금융정보 확인 부탁해요 주민번호 830004-1203682 예요,RRN,830004-1203682
알림 받을 전화번호 010-9301-9715 등록해주세요,PHONE,010-9301-9715
김준석 명의 계좌 확인 부탁드립니다,NAME,김준석
대출 신청하려는데 주민번호 963657-1400497 입력하면 조회되나요?,RRN,963657-1400497
휴대폰 번호 010-4239-4468로 본인인증 문자 다시 보내줘,PHONE,010-4239-4468
예금 가입자명이 이민림으로 되어있는지 확인해주세요,NAME,이민림
대출 상담 연락은 010-3565-6849로 주세요,PHONE,010-3565-6849
송금 오류났는데 출금계좌 564-392129-67 확인해줘,ACCOUNT,564-392129-67
휴대폰 번호 010-4713-3225로 본인인증 문자 다시 보내줘,PHONE,010-4713-3225
대출 신청하려는데 주민번호 739557-4339148 입력하면 조회되나요?,RRN,739557-4339148
본인인증이 안돼요 제 주민등록번호는 719870-2699781 입니다 확인해주세요,RRN,719870-2699781
안녕하세요 조도율입니다 금융 상담 받고싶어요,NAME,조도율
금융정보 확인 부탁해요 주민번호 805643-3698858 예요,RRN,805643-3698858
본인인증이 안돼요 제 주민등록번호는 682468-2668861 입니다 확인해주세요,RRN,682468-2668861
알림 받을 전화번호 010-7849-1691 등록해주세요,PHONE,010-7849-1691
알림 받을 전화번호 010-8337-5382 등록해주세요,PHONE,010-8337-5382
전자문서 받을 주소는 yvkrzg47@example.com 입니다,EMAIL,yvkrzg47@example.com
연락처 변경할게요 새 번호는 010-4437-3938 입니다,PHONE,010-4437-3938
오준원 명의 계좌 확인 부탁드립니다,NAME,오준원
송금 오류났는데 출금계좌 863-766972-87 확인해줘,ACCOUNT,863-766972-87
대출 상담 연락은 010-8713-1326로 주세요,PHONE,010-8713-1326
카카오뱅크 계좌 239-591878-54 거래내역 조회해줘,ACCOUNT,239-591878-54
예금 가입자명이 조유호으로 되어있는지 확인해주세요,NAME,조유호
이메일 mujaid52@example.com로 거래내역 보내주세요,EMAIL,mujaid52@example.com
송금 오류났는데 출금계좌 618-168480-55 확인해줘,ACCOUNT,618-168480-55
가입 이메일 tryqgi69@example.com 확인 부탁드려요,EMAIL,tryqgi69@example.com
카카오뱅크 계좌 411-924253-86 거래내역 조회해줘,ACCOUNT,411-924253-86
송금 오류났는데 출금계좌 566-671524-48 확인해줘,ACCOUNT,566-671524-48
본인인증이 안돼요 제 주민등록번호는 927444-3510975 입니다 확인해주세요,RRN,927444-3510975
알림 받을 전화번호 010-6323-8519 등록해주세요,PHONE,010-6323-8519
명세서 수신 메일을 ajkvnw28@example.com로 변경해주세요,EMAIL,ajkvnw28@example.com
본인인증이 안돼요 제 주민등록번호는 650662-2898062 입니다 확인해주세요,RRN,650662-2898062
연락처 변경할게요 새 번호는 010-3972-5019 입니다,PHONE,010-3972-5019
내 하나 345-500985-14 계좌 잔액 확인 가능해?,ACCOUNT,345-500985-14
전자문서 받을 주소는 kefuhn77@example.com 입니다,EMAIL,kefuhn77@example.com
가입 이메일 tzexal11@example.com 확인 부탁드려요,EMAIL,tzexal11@example.com
내 농협 616-758966-46 계좌 잔액 확인 가능해?,ACCOUNT,616-758966-46
가입 이메일 xjpmus17@example.com 확인 부탁드려요,EMAIL,xjpmus17@example.com
계좌 개설하려고 하는데 896792-2627201 로 인증 가능할까요,RRN,896792-2627201
금융정보 확인 부탁해요 주민번호 877812-1730322 예요,RRN,877812-1730322
토스뱅크 계좌 639-772867-91 거래내역 조회해줘,ACCOUNT,639-772867-91
가입 이메일 kllhxc7@example.com 확인 부탁드려요,EMAIL,kllhxc7@example.com
계좌 개설하려고 하는데 730623-1856468 로 인증 가능할까요,RRN,730623-1856468
오예우 명의 계좌 확인 부탁드립니다,NAME,오예우
본인인증이 안돼요 제 주민등록번호는 784416-2570927 입니다 확인해주세요,RRN,784416-2570927
명세서 수신 메일을 pxamux65@example.com로 변경해주세요,EMAIL,pxamux65@example.com
휴대폰 번호 010-1757-7493로 본인인증 문자 다시 보내줘,PHONE,010-1757-7493
대출 신청하려는데 주민번호 869405-4668066 입력하면 조회되나요?,RRN,869405-4668066
본인인증이 안돼요 제 주민등록번호는 658212-3823466 입니다 확인해주세요,RRN,658212-3823466
가입 이메일 mrgftx31@example.com 확인 부탁드려요,EMAIL,mrgftx31@example.com
계좌 개설하려고 하는데 682382-1012342 로 인증 가능할까요,RRN,682382-1012342
내 국민 911-519923-71 계좌 잔액 확인 가능해?,ACCOUNT,911-519923-71
명세서 수신 메일을 piqpcz47@example.com로 변경해주세요,EMAIL,piqpcz47@example.com
계좌 개설하려고 하는데 765367-1008814 로 인증 가능할까요,RRN,765367-1008814
알림 받을 전화번호 010-7337-1342 등록해주세요,PHONE,010-7337-1342
토스뱅크 계좌 246-803206-81 거래내역 조회해줘,ACCOUNT,246-803206-81
금융정보 확인 부탁해요 주민번호 974173-1578759 예요,RRN,974173-1578759
본인인증이 안돼요 제 주민등록번호는 888650-4954518 입니다 확인해주세요,RRN,888650-4954518
제 이름 김유원인데 대출 한도 조회해주세요,NAME,김유원
제 이름 임예율인데 대출 한도 조회해주세요,NAME,임예율
알림 받을 전화번호 010-1322-3876 등록해주세요,PHONE,010-1322-3876
조은훈 명의 계좌 확인 부탁드립니다,NAME,조은훈
전자문서 받을 주소는 fvrryg75@example.com 입니다,EMAIL,fvrryg75@example.com
알림 받을 전화번호 010-3282-7494 등록해주세요,PHONE,010-3282-7494
김현석 명의 계좌 확인 부탁드립니다,NAME,김현석
계좌 개설하려고 하는데 924656-4567525 로 인증 가능할까요,RRN,924656-4567525
대출 상담 연락은 010-8522-8251로 주세요,PHONE,010-8522-8251
금융정보 확인 부탁해요 주민번호 897161-3576454 예요,RRN,897161-3576454
명세서 수신 메일을 xfzbck99@example.com로 변경해주세요,EMAIL,xfzbck99@example.com
연락처 변경할게요 새 번호는 010-8043-8480 입니다,PHONE,010-8043-8480
대출 신청하려는데 주민번호 657876-3371075 입력하면 조회되나요?,RRN,657876-3371075
금융정보 확인 부탁해요 주민번호 676190-3860758 예요,RRN,676190-3860758
대출 신청하려는데 주민번호 941539-4566557 입력하면 조회되나요?,RRN,941539-4566557
연락처 변경할게요 새 번호는 010-4967-2708 입니다,PHONE,010-4967-2708
전자문서 받을 주소는 ekgrxt4@example.com 입니다,EMAIL,ekgrxt4@example.com
예금 가입자명이 박현연으로 되어있는지 확인해주세요,NAME,박현연
안녕하세요 이영우입니다 금융 상담 받고싶어요,NAME,이영우
송금 오류났는데 출금계좌 236-111879-74 확인해줘,ACCOUNT,236-111879-74
이메일 zrfvat45@example.com로 거래내역 보내주세요,EMAIL,zrfvat45@example.com
안녕하세요 장유빈입니다 금융 상담 받고싶어요,NAME,장유빈
안녕하세요 서민원입니다 금융 상담 받고싶어요,NAME,서민원
가입 이메일 imdddi52@example.com 확인 부탁드려요,EMAIL,imdddi52@example.com
명세서 수신 메일을 nzrond80@example.com로 변경해주세요,EMAIL,nzrond80@example.com
명세서 수신 메일을 pvttfa42@example.com로 변경해주세요,EMAIL,pvttfa42@example.com
안녕하세요 이민원입니다 금융 상담 받고싶어요,NAME,이민원
강민진 명의 계좌 확인 부탁드립니다,NAME,강민진
명세서 수신 메일을 rmwjtw92@example.com로 변경해주세요,EMAIL,rmwjtw92@example.com
연락처 변경할게요 새 번호는 010-2133-5082 입니다,PHONE,010-2133-5082
계좌 개설하려고 하는데 678470-1117966 로 인증 가능할까요,RRN,678470-1117966
자동이체 등록하려는데 계좌번호 154-355968-93 입니다,ACCOUNT,154-355968-93
안녕하세요 최태연입니다 금융 상담 받고싶어요,NAME,최태연
대출 상담 연락은 010-4679-3415로 주세요,PHONE,010-4679-3415
명세서 수신 메일을 tkvrax34@example.com로 변경해주세요,EMAIL,tkvrax34@example.com
가입 이메일 dgglth5@example.com 확인 부탁드려요,EMAIL,dgglth5@example.com
송금 오류났는데 출금계좌 381-617848-82 확인해줘,ACCOUNT,381-617848-82
내 우리 331-295581-69 계좌 잔액 확인 가능해?,ACCOUNT,331-295581-69
가입 이메일 rrrzho75@example.com 확인 부탁드려요,EMAIL,rrrzho75@example.com
이메일 uybjwh17@example.com로 거래내역 보내주세요,EMAIL,uybjwh17@example.com
계좌 개설하려고 하는데 761794-4886547 로 인증 가능할까요,RRN,761794-4886547
가입 이메일 ifnxqr27@example.com 확인 부탁드려요,EMAIL,ifnxqr27@example.com
내 국민 300-728366-23 계좌 잔액 확인 가능해?,ACCOUNT,300-728366-23
제 이름 서태빈인데 대출 한도 조회해주세요,NAME,서태빈
예금 가입자명이 강유연으로 되어있는지 확인해주세요,NAME,강유연
카카오뱅크 계좌 970-162788-73 거래내역 조회해줘,ACCOUNT,970-162788-73
이메일 xlsnla71@example.com로 거래내역 보내주세요,EMAIL,xlsnla71@example.com
대출 상담 연락은 010-1443-5739로 주세요,PHONE,010-1443-5739
대출 상담 연락은 010-5863-1328로 주세요,PHONE,010-5863-1328
내 우리 710-537543-70 계좌 잔액 확인 가능해?,ACCOUNT,710-537543-70
송금 오류났는데 출금계좌 268-408089-53 확인해줘,ACCOUNT,268-408089-53
제 이름 윤태율인데 대출 한도 조회해주세요,NAME,윤태율
전자문서 받을 주소는 xmwhcb30@example.com 입니다,EMAIL,xmwhcb30@example.com
이메일 ccqnfv22@example.com로 거래내역 보내주세요,EMAIL,ccqnfv22@example.com
본인인증이 안돼요 제 주민등록번호는 742366-4535594 입니다 확인해주세요,RRN,742366-4535594
이메일 qhwcts9@example.com로 거래내역 보내주세요,EMAIL,qhwcts9@example.com
금융정보 확인 부탁해요 주민번호 610603-1541222 예요,RRN,610603-1541222
명세서 수신 메일을 mmhgbj82@example.com로 변경해주세요,EMAIL,mmhgbj82@example.com
이메일 pqxuuy11@example.com로 거래내역 보내주세요,EMAIL,pqxuuy11@example.com
예금 가입자명이 박도호으로 되어있는지 확인해주세요,NAME,박도호
예금 가입자명이 임하호으로 되어있는지 확인해주세요,NAME,임하호
가입 이메일 fzkjec25@example.com 확인 부탁드려요,EMAIL,fzkjec25@example.com
내 하나 563-804296-34 계좌 잔액 확인 가능해?,ACCOUNT,563-804296-34
이메일 cpdxpb25@example.com로 거래내역 보내주세요,EMAIL,cpdxpb25@example.com
안녕하세요 최하아입니다 금융 상담 받고싶어요,NAME,최하아
내 토스뱅크 423-303059-28 계좌 잔액 확인 가능해?,ACCOUNT,423-303059-28
명세서 수신 메일을 hpfeut73@example.com로 변경해주세요,EMAIL,hpfeut73@example.com
명세서 수신 메일을 huscgc2@example.com로 변경해주세요,EMAIL,huscgc2@example.com
알림 받을 전화번호 010-3210-6547 등록해주세요,PHONE,010-3210-6547
하나 계좌 989-764332-44 거래내역 조회해줘,ACCOUNT,989-764332-44
예금 가입자명이 박은빈으로 되어있는지 확인해주세요,NAME,박은빈
계좌 개설하려고 하는데 783930-1091029 로 인증 가능할까요,RRN,783930-1091029
연락처 변경할게요 새 번호는 010-6180-4877 입니다,PHONE,010-6180-4877
내 농협 221-290956-88 계좌 잔액 확인 가능해?,ACCOUNT,221-290956-88
알림 받을 전화번호 010-5198-2959 등록해주세요,PHONE,010-5198-2959
제 이름 한예호인데 대출 한도 조회해주세요,NAME,한예호
안녕하세요 서태훈입니다 금융 상담 받고싶어요,NAME,서태훈
내 카카오뱅크 506-913381-19 계좌 잔액 확인 가능해?,ACCOUNT,506-913381-19
카카오뱅크 계좌 755-471656-75 거래내역 조회해줘,ACCOUNT,755-471656-75
내 신한 153-599492-59 계좌 잔액 확인 가능해?,ACCOUNT,153-599492-59
신한 계좌 456-573233-45 거래내역 조회해줘,ACCOUNT,456-573233-45
본인인증이 안돼요 제 주민등록번호는 862491-1338383 입니다 확인해주세요,RRN,862491-1338383
알림 받을 전화번호 010-6835-5743 등록해주세요,PHONE,010-6835-5743
이메일 ujorcg44@example.com로 거래내역 보내주세요,EMAIL,ujorcg44@example.com
제 이름 장준우인데 대출 한도 조회해주세요,NAME,장준우
제 이름 강서희인데 대출 한도 조회해주세요,NAME,강서희
이메일 xchapw78@example.com로 거래내역 보내주세요,EMAIL,xchapw78@example.com
가입 이메일 aivndn98@example.com 확인 부탁드려요,EMAIL,aivndn98@example.com
계좌 개설하려고 하는데 745081-1409766 로 인증 가능할까요,RRN,745081-1409766
전자문서 받을 주소는 ldxfko53@example.com 입니다,EMAIL,ldxfko53@example.com
가입 이메일 wolrih2@example.com 확인 부탁드려요,EMAIL,wolrih2@example.com
본인인증이 안돼요 제 주민등록번호는 821802-3411408 입니다 확인해주세요,RRN,821802-3411408
우리 계좌 537-909442-12 거래내역 조회해줘,ACCOUNT,537-909442-12
안녕하세요 서하빈입니다 금융 상담 받고싶어요,NAME,서하빈
신서호 명의 계좌 확인 부탁드립니다,NAME,신서호
본인인증이 안돼요 제 주민등록번호는 675020-3805091 입니다 확인해주세요,RRN,675020-3805091
예금 가입자명이 김영석으로 되어있는지 확인해주세요,NAME,김영석
대출 신청하려는데 주민번호 909631-3934487 입력하면 조회되나요?,RRN,909631-3934487
본인인증이 안돼요 제 주민등록번호는 604159-1858049 입니다 확인해주세요,RRN,604159-1858049
대출 신청하려는데 주민번호 850319-2291200 입력하면 조회되나요?,RRN,850319-2291200
대출 상담 연락은 010-3381-5792로 주세요,PHONE,010-3381-5792
전자문서 받을 주소는 lwfvov56@example.com 입니다,EMAIL,lwfvov56@example.com
본인인증이 안돼요 제 주민등록번호는 681326-2690669 입니다 확인해주세요,RRN,681326-2690669
명세서 수신 메일을 dlrqrh5@example.com로 변경해주세요,EMAIL,dlrqrh5@example.com
자동이체 등록하려는데 계좌번호 681-801613-77 입니다,ACCOUNT,681-801613-77
하나 계좌 867-552637-95 거래내역 조회해줘,ACCOUNT,867-552637-95
송금 오류났는데 출금계좌 419-985418-17 확인해줘,ACCOUNT,419-985418-17
금융정보 확인 부탁해요 주민번호 685736-2730094 예요,RRN,685736-2730094
내 카카오뱅크 346-976991-90 계좌 잔액 확인 가능해?,ACCOUNT,346-976991-90
안녕하세요 윤하우입니다 금융 상담 받고싶어요,NAME,윤하우
자동이체 등록하려는데 계좌번호 721-516521-75 입니다,ACCOUNT,721-516521-75
알림 받을 전화번호 010-9615-2351 등록해주세요,PHONE,010-9615-2351
예금 가입자명이 장성호으로 되어있는지 확인해주세요,NAME,장성호
안녕하세요 이서빈입니다 금융 상담 받고싶어요,NAME,이서빈
이메일 lvbnay13@example.com로 거래내역 보내주세요,EMAIL,lvbnay13@example.com
알림 받을 전화번호 010-2894-6669 등록해주세요,PHONE,010-2894-6669
예금 가입자명이 신하훈으로 되어있는지 확인해주세요,NAME,신하훈
대출 상담 연락은 010-9470-1458로 주세요,PHONE,010-9470-1458
내 카카오뱅크 727-830280-46 계좌 잔액 확인 가능해?,ACCOUNT,727-830280-46
안녕하세요 정수훈입니다 금융 상담 받고싶어요,NAME,정수훈
명세서 수신 메일을 lwastq53@example.com로 변경해주세요,EMAIL,lwastq53@example.com
금융정보 확인 부탁해요 주민번호 961097-1256042 예요,RRN,961097-1256042
자동이체 등록하려는데 계좌번호 694-562370-95 입니다,ACCOUNT,694-562370-95
대출 신청하려는데 주민번호 935936-3645558 입력하면 조회되나요?,RRN,935936-3645558
휴대폰 번호 010-4345-1251로 본인인증 문자 다시 보내줘,PHONE,010-4345-1251
국민 계좌 800-565354-74 거래내역 조회해줘,ACCOUNT,800-565354-74
대출 상담 연락은 010-3831-2409로 주세요,PHONE,010-3831-2409
안녕하세요 서하아입니다 금융 상담 받고싶어요,NAME,서하아
제 이름 한태석인데 대출 한도 조회해주세요,NAME,한태석
내 우리 481-273035-58 계좌 잔액 확인 가능해?,ACCOUNT,481-273035-58
알림 받을 전화번호 010-6418-5181 등록해주세요,PHONE,010-6418-5181
금융정보 확인 부탁해요 주민번호 730924-4961704 예요,RRN,730924-4961704
자동이체 등록하려는데 계좌번호 746-923877-31 입니다,ACCOUNT,746-923877-31
연락처 변경할게요 새 번호는 010-7881-1524 입니다,PHONE,010-7881-1524
국민 계좌 670-973140-19 거래내역 조회해줘,ACCOUNT,670-973140-19
휴대폰 번호 010-9480-4894로 본인인증 문자 다시 보내줘,PHONE,010-9480-4894
대출 상담 연락은 010-8324-8693로 주세요,PHONE,010-8324-8693
금융정보 확인 부탁해요 주민번호 802456-1592090 예요,RRN,802456-1592090
예금 가입자명이 이서연으로 되어있는지 확인해주세요,NAME,이서연
명세서 수신 메일을 udkggm29@example.com로 변경해주세요,EMAIL,udkggm29@example.com
휴대폰 번호 010-4699-4084로 본인인증 문자 다시 보내줘,PHONE,010-4699-4084
휴대폰 번호 010-9140-7508로 본인인증 문자 다시 보내줘,PHONE,010-9140-7508
전자문서 받을 주소는 ethpzi6@example.com 입니다,EMAIL,ethpzi6@example.com
알림 받을 전화번호 010-7739-2984 등록해주세요,PHONE,010-7739-2984
전자문서 받을 주소는 tjcgnd76@example.com 입니다,EMAIL,tjcgnd76@example.com
국민 계좌 992-630835-16 거래내역 조회해줘,ACCOUNT,992-630835-16
권도우 명의 계좌 확인 부탁드립니다,NAME,권도우
금융정보 확인 부탁해요 주민번호 660916-2888649 예요,RRN,660916-2888649
본인인증이 안돼요 제 주민등록번호는 883895-1256071 입니다 확인해주세요,RRN,883895-1256071
대출 신청하려는데 주민번호 805236-1046344 입력하면 조회되나요?,RRN,805236-1046344
명세서 수신 메일을 mwwweo69@example.com로 변경해주세요,EMAIL,mwwweo69@example.com
제 이름 신준호인데 대출 한도 조회해주세요,NAME,신준호
한서훈 명의 계좌 확인 부탁드립니다,NAME,한서훈
휴대폰 번호 010-2230-8092로 본인인증 문자 다시 보내줘,PHONE,010-2230-8092
자동이체 등록하려는데 계좌번호 401-667221-46 입니다,ACCOUNT,401-667221-46
계좌 개설하려고 하는데 757970-4001696 로 인증 가능할까요,RRN,757970-4001696
예금 가입자명이 강도아으로 되어있는지 확인해주세요,NAME,강도아
계좌 개설하려고 하는데 793556-3994671 로 인증 가능할까요,RRN,793556-3994671
휴대폰 번호 010-7701-3451로 본인인증 문자 다시 보내줘,PHONE,010-7701-3451
계좌 개설하려고 하는데 689807-2881972 로 인증 가능할까요,RRN,689807-2881972
알림 받을 전화번호 010-5028-9527 등록해주세요,PHONE,010-5028-9527
자동이체 등록하려는데 계좌번호 999-264250-80 입니다,ACCOUNT,999-264250-80
대출 신청하려는데 주민번호 805124-1618532 입력하면 조회되나요?,RRN,805124-1618532
본인인증이 안돼요 제 주민등록번호는 785138-1958798 입니다 확인해주세요,RRN,785138-1958798
이메일 uivvmi87@example.com로 거래내역 보내주세요,EMAIL,uivvmi87@example.com
대출 상담 연락은 010-6137-6522로 주세요,PHONE,010-6137-6522
안녕하세요 신서진입니다 금융 상담 받고싶어요,NAME,신서진
제 이름 이지원인데 대출 한도 조회해주세요,NAME,이지원
대출 신청하려는데 주민번호 672341-2626218 입력하면 조회되나요?,RRN,672341-2626218
이메일 wtuvcc10@example.com로 거래내역 보내주세요,EMAIL,wtuvcc10@example.com
알림 받을 전화번호 010-4655-7321 등록해주세요,PHONE,010-4655-7321
김현진 명의 계좌 확인 부탁드립니다,NAME,김현진
내 농협 844-222557-30 계좌 잔액 확인 가능해?,ACCOUNT,844-222557-30
본인인증이 안돼요 제 주민등록번호는 662709-3772651 입니다 확인해주세요,RRN,662709-3772651
계좌 개설하려고 하는데 830004-4332701 로 인증 가능할까요,RRN,830004-4332701
제 이름 권성연인데 대출 한도 조회해주세요,NAME,권성연
전자문서 받을 주소는 nrclok63@example.com 입니다,EMAIL,nrclok63@example.com
신한 계좌 512-716695-76 거래내역 조회해줘,ACCOUNT,512-716695-76
계좌 개설하려고 하는데 838437-4877817 로 인증 가능할까요,RRN,838437-4877817
이메일 ktdulk73@example.com로 거래내역 보내주세요,EMAIL,ktdulk73@example.com
조현원 명의 계좌 확인 부탁드립니다,NAME,조현원
제 이름 장서호인데 대출 한도 조회해주세요,NAME,장서호
예금 가입자명이 강영석으로 되어있는지 확인해주세요,NAME,강영석
휴대폰 번호 010-1308-6647로 본인인증 문자 다시 보내줘,PHONE,010-1308-6647
휴대폰 번호 010-7518-1083로 본인인증 문자 다시 보내줘,PHONE,010-7518-1083
농협 계좌 907-117914-15 거래내역 조회해줘,ACCOUNT,907-117914-15
자동이체 등록하려는데 계좌번호 142-232071-73 입니다,ACCOUNT,142-232071-73
명세서 수신 메일을 duwvvl69@example.com로 변경해주세요,EMAIL,duwvvl69@example.com
예금 가입자명이 윤하율으로 되어있는지 확인해주세요,NAME,윤하율
송금 오류났는데 출금계좌 259-399206-92 확인해줘,ACCOUNT,259-399206-92
가입 이메일 omflrf29@example.com 확인 부탁드려요,EMAIL,omflrf29@example.com
제 이름 신도석인데 대출 한도 조회해주세요,NAME,신도석
안녕하세요 강성훈입니다 금융 상담 받고싶어요,NAME,강성훈
계좌 개설하려고 하는데 691715-4400622 로 인증 가능할까요,RRN,691715-4400622
대출 신청하려는데 주민번호 606584-1246975 입력하면 조회되나요?,RRN,606584-1246975
예금 가입자명이 오성석으로 되어있는지 확인해주세요,NAME,오성석
가입 이메일 bxtdxu58@example.com 확인 부탁드려요,EMAIL,bxtdxu58@example.com
알림 받을 전화번호 010-1676-1173 등록해주세요,PHONE,010-1676-1173
본인인증이 안돼요 제 주민등록번호는 760137-3117739 입니다 확인해주세요,RRN,760137-3117739
내 하나 971-846465-88 계좌 잔액 확인 가능해?,ACCOUNT,971-846465-88
내 농협 456-704562-20 계좌 잔액 확인 가능해?,ACCOUNT,456-704562-20
한성훈 명의 계좌 확인 부탁드립니다,NAME,한성훈
박서원 명의 계좌 확인 부탁드립니다,NAME,박서원
계좌 개설하려고 하는데 687249-3433406 로 인증 가능할까요,RRN,687249-3433406
내 신한 277-660196-62 계좌 잔액 확인 가능해?,ACCOUNT,277-660196-62
이메일 jghlov69@example.com로 거래내역 보내주세요,EMAIL,jghlov69@example.com
명세서 수신 메일을 vcifee12@example.com로 변경해주세요,EMAIL,vcifee12@example.com
자동이체 등록하려는데 계좌번호 366-654474-15 입니다,ACCOUNT,366-654474-15
본인인증이 안돼요 제 주민등록번호는 964380-2080478 입니다 확인해주세요,RRN,964380-2080478
대출 신청하려는데 주민번호 974770-3689910 입력하면 조회되나요?,RRN,974770-3689910
계좌 개설하려고 하는데 962360-1432940 로 인증 가능할까요,RRN,962360-1432940
대출 신청하려는데 주민번호 651972-3499542 입력하면 조회되나요?,RRN,651972-3499542
가입 이메일 vzomhc86@example.com 확인 부탁드려요,EMAIL,vzomhc86@example.com
토스뱅크 계좌 968-630454-58 거래내역 조회해줘,ACCOUNT,968-630454-58
이메일 cihmxw2@example.com로 거래내역 보내주세요,EMAIL,cihmxw2@example.com
대출 상담 연락은 010-7398-1302로 주세요,PHONE,010-7398-1302
계좌 개설하려고 하는데 923541-2000287 로 인증 가능할까요,RRN,923541-2000287
휴대폰 번호 010-6141-2616로 본인인증 문자 다시 보내줘,PHONE,010-6141-2616
연락처 변경할게요 새 번호는 010-9648-2510 입니다,PHONE,010-9648-2510
송금 오류났는데 출금계좌 896-186012-95 확인해줘,ACCOUNT,896-186012-95
본인인증이 안돼요 제 주민등록번호는 840922-3564508 입니다 확인해주세요,RRN,840922-3564508
연락처 변경할게요 새 번호는 010-3277-9984 입니다,PHONE,010-3277-9984
알림 받을 전화번호 010-4369-3660 등록해주세요,PHONE,010-4369-3660
안녕하세요 오하림입니다 금융 상담 받고싶어요,NAME,오하림
계좌 개설하려고 하는데 976640-2243216 로 인증 가능할까요,RRN,976640-2243216
금융정보 확인 부탁해요 주민번호 996214-3271587 예요,RRN,996214-3271587
이메일 daasox54@example.com로 거래내역 보내주세요,EMAIL,daasox54@example.com
가입 이메일 luckgl36@example.com 확인 부탁드려요,EMAIL,luckgl36@example.com
휴대폰 번호 010-1719-4276로 본인인증 문자 다시 보내줘,PHONE,010-1719-4276
송금 오류났는데 출금계좌 194-512641-71 확인해줘,ACCOUNT,194-512641-71
본인인증이 안돼요 제 주민등록번호는 760297-1338108 입니다 확인해주세요,RRN,760297-1338108
연락처 변경할게요 새 번호는 010-1073-5277 입니다,PHONE,010-1073-5277
예금 가입자명이 오태아으로 되어있는지 확인해주세요,NAME,오태아
이메일 peaocp58@example.com로 거래내역 보내주세요,EMAIL,peaocp58@example.com
연락처 변경할게요 새 번호는 010-8273-2735 입니다,PHONE,010-8273-2735
계좌 개설하려고 하는데 698597-1765818 로 인증 가능할까요,RRN,698597-1765818
금융정보 확인 부탁해요 주민번호 853648-1432094 예요,RRN,853648-1432094
제 이름 임도호인데 대출 한도 조회해주세요,NAME,임도호
대출 상담 연락은 010-1304-1424로 주세요,PHONE,010-1304-1424
예금 가입자명이 박예연으로 되어있는지 확인해주세요,NAME,박예연
계좌 개설하려고 하는데 965310-1825445 로 인증 가능할까요,RRN,965310-1825445
계좌 개설하려고 하는데 980924-4453470 로 인증 가능할까요,RRN,980924-4453470
조유율 명의 계좌 확인 부탁드립니다,NAME,조유율
명세서 수신 메일을 saodsg96@example.com로 변경해주세요,EMAIL,saodsg96@example.com
휴대폰 번호 010-9949-6723로 본인인증 문자 다시 보내줘,PHONE,010-9949-6723
내 하나 159-818090-92 계좌 잔액 확인 가능해?,ACCOUNT,159-818090-92
휴대폰 번호 010-8247-3866로 본인인증 문자 다시 보내줘,PHONE,010-8247-3866
연락처 변경할게요 새 번호는 010-4087-1229 입니다,PHONE,010-4087-1229
금융정보 확인 부탁해요 주민번호 718760-3109265 예요,RRN,718760-3109265
윤하빈 명의 계좌 확인 부탁드립니다,NAME,윤하빈
송금 오류났는데 출금계좌 830-460200-50 확인해줘,ACCOUNT,830-460200-50
대출 상담 연락은 010-7529-8948로 주세요,PHONE,010-7529-8948
내 카카오뱅크 707-530351-32 계좌 잔액 확인 가능해?,ACCOUNT,707-530351-32
대출 상담 연락은 010-8364-8819로 주세요,PHONE,010-8364-8819
안녕하세요 강지훈입니다 금융 상담 받고싶어요,NAME,강지훈
예금 가입자명이 서영호으로 되어있는지 확인해주세요,NAME,서영호
자동이체 등록하려는데 계좌번호 181-337269-46 입니다,ACCOUNT,181-337269-46
자동이체 등록하려는데 계좌번호 247-344829-39 입니다,ACCOUNT,247-344829-39
명세서 수신 메일을 qamytg65@example.com로 변경해주세요,EMAIL,qamytg65@example.com
휴대폰 번호 010-5208-7321로 본인인증 문자 다시 보내줘,PHONE,010-5208-7321
금융정보 확인 부탁해요 주민번호 796052-2682713 예요,RRN,796052-2682713
본인인증이 안돼요 제 주민등록번호는 685511-4308388 입니다 확인해주세요,RRN,685511-4308388
계좌 개설하려고 하는데 856080-4748844 로 인증 가능할까요,RRN,856080-4748844
송금 오류났는데 출금계좌 660-110019-14 확인해줘,ACCOUNT,660-110019-14
하나 계좌 852-142113-30 거래내역 조회해줘,ACCOUNT,852-142113-30
전자문서 받을 주소는 gibdrx88@example.com 입니다,EMAIL,gibdrx88@example.com
본인인증이 안돼요 제 주민등록번호는 623132-2190449 입니다 확인해주세요,RRN,623132-2190449
농협 계좌 495-220218-26 거래내역 조회해줘,ACCOUNT,495-220218-26
알림 받을 전화번호 010-9380-2066 등록해주세요,PHONE,010-9380-2066
내 농협 883-940956-62 계좌 잔액 확인 가능해?,ACCOUNT,883-940956-62
국민 계좌 219-771726-54 거래내역 조회해줘,ACCOUNT,219-771726-54
가입 이메일 vmeaqj33@example.com 확인 부탁드려요,EMAIL,vmeaqj33@example.com
본인인증이 안돼요 제 주민등록번호는 900475-3808699 입니다 확인해주세요,RRN,900475-3808699
대출 신청하려는데 주민번호 650927-3177582 입력하면 조회되나요?,RRN,650927-3177582
휴대폰 번호 010-6263-7140로 본인인증 문자 다시 보내줘,PHONE,010-6263-7140
금융정보 확인 부탁해요 주민번호 809709-1083446 예요,RRN,809709-1083446
대출 상담 연락은 010-2648-2658로 주세요,PHONE,010-2648-2658
알림 받을 전화번호 010-5942-5847 등록해주세요,PHONE,010-5942-5847
본인인증이 안돼요 제 주민등록번호는 814838-1996894 입니다 확인해주세요,RRN,814838-1996894
한현연 명의 계좌 확인 부탁드립니다,NAME,한현연
신한 계좌 695-434056-61 거래내역 조회해줘,ACCOUNT,695-434056-61
본인인증이 안돼요 제 주민등록번호는 681043-1484019 입니다 확인해주세요,RRN,681043-1484019
명세서 수신 메일을 depvgv39@example.com로 변경해주세요,EMAIL,depvgv39@example.com
내 토스뱅크 479-603287-59 계좌 잔액 확인 가능해?,ACCOUNT,479-603287-59
안녕하세요 윤성아입니다 금융 상담 받고싶어요,NAME,윤성아
대출 신청하려는데 주민번호 979978-2713640 입력하면 조회되나요?,RRN,979978-2713640
안녕하세요 장준원입니다 금융 상담 받고싶어요,NAME,장준원
안녕하세요 박지진입니다 금융 상담 받고싶어요,NAME,박지진
장현훈 명의 계좌 확인 부탁드립니다,NAME,장현훈
알림 받을 전화번호 010-5801-1059 등록해주세요,PHONE,010-5801-1059
대출 신청하려는데 주민번호 932288-4032084 입력하면 조회되나요?,RRN,932288-4032084
카카오뱅크 계좌 299-310013-85 거래내역 조회해줘,ACCOUNT,299-310013-85
휴대폰 번호 010-9973-4891로 본인인증 문자 다시 보내줘,PHONE,010-9973-4891
예금 가입자명이 오하호으로 되어있는지 확인해주세요,NAME,오하호
금융정보 확인 부탁해요 주민번호 916252-2354312 예요,RRN,916252-2354312
알림 받을 전화번호 010-9743-3583 등록해주세요,PHONE,010-9743-3583
자동이체 등록하려는데 계좌번호 288-694793-63 입니다,ACCOUNT,288-694793-63
송금 오류났는데 출금계좌 412-449256-38 확인해줘,ACCOUNT,412-449256-38
알림 받을 전화번호 010-8643-3397 등록해주세요,PHONE,010-8643-3397
명세서 수신 메일을 zvknkj92@example.com로 변경해주세요,EMAIL,zvknkj92@example.com
연락처 변경할게요 새 번호는 010-9754-3981 입니다,PHONE,010-9754-3981
연락처 변경할게요 새 번호는 010-9825-5062 입니다,PHONE,010-9825-5062
알림 받을 전화번호 010-2910-4130 등록해주세요,PHONE,010-2910-4130
가입 이메일 ahthqn2@example.com 확인 부탁드려요,EMAIL,ahthqn2@example.com
휴대폰 번호 010-2669-5183로 본인인증 문자 다시 보내줘,PHONE,010-2669-5183
알림 받을 전화번호 010-1798-8682 등록해주세요,PHONE,010-1798-8682
대출 신청하려는데 주민번호 854849-3364007 입력하면 조회되나요?,RRN,854849-3364007
휴대폰 번호 010-7054-6496로 본인인증 문자 다시 보내줘,PHONE,010-7054-6496
알림 받을 전화번호 010-4248-2738 등록해주세요,PHONE,010-4248-2738
이메일 orjqbx92@example.com로 거래내역 보내주세요,EMAIL,orjqbx92@example.com
전자문서 받을 주소는 bqzitn63@example.com 입니다,EMAIL,bqzitn63@example.com
대출 상담 연락은 010-4085-6980로 주세요,PHONE,010-4085-6980
대출 신청하려는데 주민번호 884356-1877293 입력하면 조회되나요?,RRN,884356-1877293
계좌 개설하려고 하는데 711176-3545761 로 인증 가능할까요,RRN,711176-3545761
대출 신청하려는데 주민번호 781659-4012873 입력하면 조회되나요?,RRN,781659-4012873
자동이체 등록하려는데 계좌번호 580-207658-98 입니다,ACCOUNT,580-207658-98
본인인증이 안돼요 제 주민등록번호는 804074-4201118 입니다 확인해주세요,RRN,804074-4201118
한민진 명의 계좌 확인 부탁드립니다,NAME,한민진
대출 신청하려는데 주민번호 626130-2980898 입력하면 조회되나요?,RRN,626130-2980898
금융정보 확인 부탁해요 주민번호 901890-4968792 예요,RRN,901890-4968792
안녕하세요 김도림입니다 금융 상담 받고싶어요,NAME,김도림
금융정보 확인 부탁해요 주민번호 942061-4441639 예요,RRN,942061-4441639
본인인증이 안돼요 제 주민등록번호는 855315-4953930 입니다 확인해주세요,RRN,855315-4953930
연락처 변경할게요 새 번호는 010-1574-5760 입니다,PHONE,010-1574-5760
가입 이메일 bpucyh38@example.com 확인 부탁드려요,EMAIL,bpucyh38@example.com
명세서 수신 메일을 nsdndp27@example.com로 변경해주세요,EMAIL,nsdndp27@example.com
연락처 변경할게요 새 번호는 010-4531-9393 입니다,PHONE,010-4531-9393
휴대폰 번호 010-6839-5800로 본인인증 문자 다시 보내줘,PHONE,010-6839-5800
이메일 uacsyf96@example.com로 거래내역 보내주세요,EMAIL,uacsyf96@example.com
안녕하세요 신유원입니다 금융 상담 받고싶어요,NAME,신유원
내 농협 318-900118-89 계좌 잔액 확인 가능해?,ACCOUNT,318-900118-89
예금 가입자명이 이지림으로 되어있는지 확인해주세요,NAME,이지림
명세서 수신 메일을 jvolsk20@example.com로 변경해주세요,EMAIL,jvolsk20@example.com
전자문서 받을 주소는 npqmem9@example.com 입니다,EMAIL,npqmem9@example.com
가입 이메일 bcvwje72@example.com 확인 부탁드려요,EMAIL,bcvwje72@example.com
계좌 개설하려고 하는데 815133-2249797 로 인증 가능할까요,RRN,815133-2249797
휴대폰 번호 010-9376-7284로 본인인증 문자 다시 보내줘,PHONE,010-9376-7284
알림 받을 전화번호 010-6573-9285 등록해주세요,PHONE,010-6573-9285
본인인증이 안돼요 제 주민등록번호는 687935-1664558 입니다 확인해주세요,RRN,687935-1664558
휴대폰 번호 010-9030-5121로 본인인증 문자 다시 보내줘,PHONE,010-9030-5121
제 이름 신하석인데 대출 한도 조회해주세요,NAME,신하석
대출 신청하려는데 주민번호 901748-2224002 입력하면 조회되나요?,RRN,901748-2224002
연락처 변경할게요 새 번호는 010-7455-5515 입니다,PHONE,010-7455-5515
자동이체 등록하려는데 계좌번호 380-521424-29 입니다,ACCOUNT,380-521424-29
전자문서 받을 주소는 gorfya72@example.com 입니다,EMAIL,gorfya72@example.com
내 국민 227-486499-12 계좌 잔액 확인 가능해?,ACCOUNT,227-486499-12
이메일 hxmqas61@example.com로 거래내역 보내주세요,EMAIL,hxmqas61@example.com
이메일 xkjvdp68@example.com로 거래내역 보내주세요,EMAIL,xkjvdp68@example.com
가입 이메일 csghgn20@example.com 확인 부탁드려요,EMAIL,csghgn20@example.com
대출 상담 연락은 010-9219-6354로 주세요,PHONE,010-9219-6354
내 토스뱅크 100-125406-40 계좌 잔액 확인 가능해?,ACCOUNT,100-125406-40
계좌 개설하려고 하는데 907921-3885647 로 인증 가능할까요,RRN,907921-3885647
가입 이메일 cclklg12@example.com 확인 부탁드려요,EMAIL,cclklg12@example.com
안녕하세요 이은희입니다 금융 상담 받고싶어요,NAME,이은희
본인인증이 안돼요 제 주민등록번호는 899052-1167075 입니다 확인해주세요,RRN,899052-1167075
대출 신청하려는데 주민번호 996877-4816227 입력하면 조회되나요?,RRN,996877-4816227
연락처 변경할게요 새 번호는 010-3305-5993 입니다,PHONE,010-3305-5993
내 농협 172-842162-43 계좌 잔액 확인 가능해?,ACCOUNT,172-842162-43
계좌 개설하려고 하는데 820444-1299648 로 인증 가능할까요,RRN,820444-1299648
연락처 변경할게요 새 번호는 010-6573-2858 입니다,PHONE,010-6573-2858
안녕하세요 신은원입니다 금융 상담 받고싶어요,NAME,신은원
제 이름 서지연인데 대출 한도 조회해주세요,NAME,서지연
휴대폰 번호 010-9152-6634로 본인인증 문자 다시 보내줘,PHONE,010-9152-6634
내 신한 232-875172-51 계좌 잔액 확인 가능해?,ACCOUNT,232-875172-51
자동이체 등록하려는데 계좌번호 298-587564-27 입니다,ACCOUNT,298-587564-27
송금 오류났는데 출금계좌 592-797964-92 확인해줘,ACCOUNT,592-797964-92
휴대폰 번호 010-3930-4436로 본인인증 문자 다시 보내줘,PHONE,010-3930-4436
전자문서 받을 주소는 wffewj87@example.com 입니다,EMAIL,wffewj87@example.com
알림 받을 전화번호 010-6895-4549 등록해주세요,PHONE,010-6895-4549
휴대폰 번호 010-3822-2222로 본인인증 문자 다시 보내줘,PHONE,010-3822-2222
계좌 개설하려고 하는데 944835-1754060 로 인증 가능할까요,RRN,944835-1754060
명세서 수신 메일을 rfmttm31@example.com로 변경해주세요,EMAIL,rfmttm31@example.com
안녕하세요 이성아입니다 금융 상담 받고싶어요,NAME,이성아
이메일 tkppgn49@example.com로 거래내역 보내주세요,EMAIL,tkppgn49@example.com
명세서 수신 메일을 zacolr82@example.com로 변경해주세요,EMAIL,zacolr82@example.com
명세서 수신 메일을 gtqaxi36@example.com로 변경해주세요,EMAIL,gtqaxi36@example.com
제 이름 임영율인데 대출 한도 조회해주세요,NAME,임영율
이메일 qubcsj52@example.com로 거래내역 보내주세요,EMAIL,qubcsj52@example.com
안녕하세요 박지우입니다 금융 상담 받고싶어요,NAME,박지우
정유석 명의 계좌 확인 부탁드립니다,NAME,정유석
이현진 명의 계좌 확인 부탁드립니다,NAME,이현진
제 이름 서성석인데 대출 한도 조회해주세요,NAME,서성석
알림 받을 전화번호 010-3923-1737 등록해주세요,PHONE,010-3923-1737
명세서 수신 메일을 shrurz57@example.com로 변경해주세요,EMAIL,shrurz57@example.com
휴대폰 번호 010-2311-5189로 본인인증 문자 다시 보내줘,PHONE,010-2311-5189
송금 오류났는데 출금계좌 811-507039-64 확인해줘,ACCOUNT,811-507039-64
신한 계좌 815-148832-98 거래내역 조회해줘,ACCOUNT,815-148832-98
가입 이메일 lmohoq46@example.com 확인 부탁드려요,EMAIL,lmohoq46@example.com
휴대폰 번호 010-8316-2466로 본인인증 문자 다시 보내줘,PHONE,010-8316-2466
자동이체 등록하려는데 계좌번호 497-270584-60 입니다,ACCOUNT,497-270584-60
전자문서 받을 주소는 vcldmh27@example.com 입니다,EMAIL,vcldmh27@example.com
대출 신청하려는데 주민번호 831385-3274619 입력하면 조회되나요?,RRN,831385-3274619
계좌 개설하려고 하는데 635535-1343224 로 인증 가능할까요,RRN,635535-1343224
대출 상담 연락은 010-1579-2951로 주세요,PHONE,010-1579-2951
명세서 수신 메일을 qmntck5@example.com로 변경해주세요,EMAIL,qmntck5@example.com
금융정보 확인 부탁해요 주민번호 880896-1113088 예요,RRN,880896-1113088
내 하나 395-206323-37 계좌 잔액 확인 가능해?,ACCOUNT,395-206323-37
계좌 개설하려고 하는데 600534-3760676 로 인증 가능할까요,RRN,600534-3760676
휴대폰 번호 010-6118-3016로 본인인증 문자 다시 보내줘,PHONE,010-6118-3016
안녕하세요 박지원입니다 금융 상담 받고싶어요,NAME,박지원
연락처 변경할게요 새 번호는 010-5499-9377 입니다,PHONE,010-5499-9377
안녕하세요 신준호입니다 금융 상담 받고싶어요,NAME,신준호
조유훈 명의 계좌 확인 부탁드립니다,NAME,조유훈
본인인증이 안돼요 제 주민등록번호는 830711-4551215 입니다 확인해주세요,RRN,830711-4551215
명세서 수신 메일을 jgmnez45@example.com로 변경해주세요,EMAIL,jgmnez45@example.com
본인인증이 안돼요 제 주민등록번호는 700516-4477563 입니다 확인해주세요,RRN,700516-4477563
안녕하세요 최은호입니다 금융 상담 받고싶어요,NAME,최은호
안녕하세요 박수림입니다 금융 상담 받고싶어요,NAME,박수림
자동이체 등록하려는데 계좌번호 564-604137-86 입니다,ACCOUNT,564-604137-86
송금 오류났는데 출금계좌 665-253993-16 확인해줘,ACCOUNT,665-253993-16
자동이체 등록하려는데 계좌번호 381-788642-21 입니다,ACCOUNT,381-788642-21
가입 이메일 xsgdtp15@example.com 확인 부탁드려요,EMAIL,xsgdtp15@example.com
가입 이메일 riaosw38@example.com 확인 부탁드려요,EMAIL,riaosw38@example.com
내 토스뱅크 380-911766-94 계좌 잔액 확인 가능해?,ACCOUNT,380-911766-94
가입 이메일 meoeqx61@example.com 확인 부탁드려요,EMAIL,meoeqx61@example.com
명세서 수신 메일을 xqazkp14@example.com로 변경해주세요,EMAIL,xqazkp14@example.com
계좌 개설하려고 하는데 912474-1967135 로 인증 가능할까요,RRN,912474-1967135
대출 신청하려는데 주민번호 654578-3945837 입력하면 조회되나요?,RRN,654578-3945837
알림 받을 전화번호 010-2685-3702 등록해주세요,PHONE,010-2685-3702
이현훈 명의 계좌 확인 부탁드립니다,NAME,이현훈
휴대폰 번호 010-4881-5253로 본인인증 문자 다시 보내줘,PHONE,010-4881-5253
우리 계좌 840-720774-21 거래내역 조회해줘,ACCOUNT,840-720774-21
전자문서 받을 주소는 dewfnt12@example.com 입니다,EMAIL,dewfnt12@example.com
예금 가입자명이 장영석으로 되어있는지 확인해주세요,NAME,장영석
금융정보 확인 부탁해요 주민번호 611115-1190691 예요,RRN,611115-1190691
대출 상담 연락은 010-6144-5294로 주세요,PHONE,010-6144-5294
금융정보 확인 부탁해요 주민번호 834008-3863798 예요,RRN,834008-3863798
송금 오류났는데 출금계좌 616-298134-86 확인해줘,ACCOUNT,616-298134-86
휴대폰 번호 010-6999-4020로 본인인증 문자 다시 보내줘,PHONE,010-6999-4020
전자문서 받을 주소는 ixrptz69@example.com 입니다,EMAIL,ixrptz69@example.com
전자문서 받을 주소는 abndpz2@example.com 입니다,EMAIL,abndpz2@example.com
계좌 개설하려고 하는데 652218-3640711 로 인증 가능할까요,RRN,652218-3640711
농협 계좌 931-917904-96 거래내역 조회해줘,ACCOUNT,931-917904-96
본인인증이 안돼요 제 주민등록번호는 961045-2774363 입니다 확인해주세요,RRN,961045-2774363
가입 이메일 totvjw81@example.com 확인 부탁드려요,EMAIL,totvjw81@example.com
예금 가입자명이 조하우으로 되어있는지 확인해주세요,NAME,조하우
본인인증이 안돼요 제 주민등록번호는 632434-2690833 입니다 확인해주세요,RRN,632434-2690833
금융정보 확인 부탁해요 주민번호 701532-2774267 예요,RRN,701532-2774267
대출 상담 연락은 010-7953-6298로 주세요,PHONE,010-7953-6298
대출 상담 연락은 010-2745-2464로 주세요,PHONE,010-2745-2464
이메일 cabdsp88@example.com로 거래내역 보내주세요,EMAIL,cabdsp88@example.com
이메일 avgehl78@example.com로 거래내역 보내주세요,EMAIL,avgehl78@example.com
본인인증이 안돼요 제 주민등록번호는 887672-3992387 입니다 확인해주세요,RRN,887672-3992387
명세서 수신 메일을 qdtatq77@example.com로 변경해주세요,EMAIL,qdtatq77@example.com
전자문서 받을 주소는 jqdskd56@example.com 입니다,EMAIL,jqdskd56@example.com
송금 오류났는데 출금계좌 899-861684-95 확인해줘,ACCOUNT,899-861684-95
예금 가입자명이 김준빈으로 되어있는지 확인해주세요,NAME,김준빈
이메일 hnxdyt69@example.com로 거래내역 보내주세요,EMAIL,hnxdyt69@example.com
계좌 개설하려고 하는데 930952-3661764 로 인증 가능할까요,RRN,930952-3661764
제 이름 정민율인데 대출 한도 조회해주세요,NAME,정민율
송금 오류났는데 출금계좌 191-996136-82 확인해줘,ACCOUNT,191-996136-82
금융정보 확인 부탁해요 주민번호 742344-2979474 예요,RRN,742344-2979474
계좌 개설하려고 하는데 639555-4293201 로 인증 가능할까요,RRN,639555-4293201
내 카카오뱅크 666-485405-68 계좌 잔액 확인 가능해?,ACCOUNT,666-485405-68
가입 이메일 xipeij73@example.com 확인 부탁드려요,EMAIL,xipeij73@example.com
알림 받을 전화번호 010-7160-8218 등록해주세요,PHONE,010-7160-8218
명세서 수신 메일을 qmmtev1@example.com로 변경해주세요,EMAIL,qmmtev1@example.com
대출 상담 연락은 010-3101-5945로 주세요,PHONE,010-3101-5945
휴대폰 번호 010-8811-8153로 본인인증 문자 다시 보내줘,PHONE,010-8811-8153
대출 상담 연락은 010-2101-4511로 주세요,PHONE,010-2101-4511
예금 가입자명이 장서빈으로 되어있는지 확인해주세요,NAME,장서빈
서성연 명의 계좌 확인 부탁드립니다,NAME,서성연
이메일 fsxekb12@example.com로 거래내역 보내주세요,EMAIL,fsxekb12@example.com
가입 이메일 jdgecp42@example.com 확인 부탁드려요,EMAIL,jdgecp42@example.com
대출 상담 연락은 010-3292-2825로 주세요,PHONE,010-3292-2825
내 국민 203-660510-76 계좌 잔액 확인 가능해?,ACCOUNT,203-660510-76
명세서 수신 메일을 hzviww31@example.com로 변경해주세요,EMAIL,hzviww31@example.com
가입 이메일 fcsanb93@example.com 확인 부탁드려요,EMAIL,fcsanb93@example.com
연락처 변경할게요 새 번호는 010-5344-3752 입니다,PHONE,010-5344-3752
대출 신청하려는데 주민번호 886812-1535423 입력하면 조회되나요?,RRN,886812-1535423
예금 가입자명이 권수아으로 되어있는지 확인해주세요,NAME,권수아
자동이체 등록하려는데 계좌번호 886-117108-59 입니다,ACCOUNT,886-117108-59
본인인증이 안돼요 제 주민등록번호는 942774-1248743 입니다 확인해주세요,RRN,942774-1248743
이메일 yhvvjj45@example.com로 거래내역 보내주세요,EMAIL,yhvvjj45@example.com
대출 상담 연락은 010-4931-8134로 주세요,PHONE,010-4931-8134
안녕하세요 김하희입니다 금융 상담 받고싶어요,NAME,김하희
내 농협 726-913586-35 계좌 잔액 확인 가능해?,ACCOUNT,726-913586-35
본인인증이 안돼요 제 주민등록번호는 629129-2271307 입니다 확인해주세요,RRN,629129-2271307
예금 가입자명이 신은아으로 되어있는지 확인해주세요,NAME,신은아
이메일 msufhm43@example.com로 거래내역 보내주세요,EMAIL,msufhm43@example.com
최하희 명의 계좌 확인 부탁드립니다,NAME,최하희
가입 이메일 rjpkgp16@example.com 확인 부탁드려요,EMAIL,rjpkgp16@example.com
대출 상담 연락은 010-5720-5380로 주세요,PHONE,010-5720-5380
알림 받을 전화번호 010-4740-2034 등록해주세요,PHONE,010-4740-2034
전자문서 받을 주소는 imfcxs88@example.com 입니다,EMAIL,imfcxs88@example.com
우리 계좌 542-108485-38 거래내역 조회해줘,ACCOUNT,542-108485-38
알림 받을 전화번호 010-2215-3480 등록해주세요,PHONE,010-2215-3480
이메일 akuzpi68@example.com로 거래내역 보내주세요,EMAIL,akuzpi68@example.com
전자문서 받을 주소는 nlwbjr13@example.com 입니다,EMAIL,nlwbjr13@example.com
본인인증이 안돼요 제 주민등록번호는 773486-2011195 입니다 확인해주세요,RRN,773486-2011195
계좌 개설하려고 하는데 920284-1471096 로 인증 가능할까요,RRN,920284-1471096
이메일 lluzoh32@example.com로 거래내역 보내주세요,EMAIL,lluzoh32@example.com
계좌 개설하려고 하는데 808187-2712655 로 인증 가능할까요,RRN,808187-2712655
대출 신청하려는데 주민번호 743416-3634893 입력하면 조회되나요?,RRN,743416-3634893
전자문서 받을 주소는 txjgnr19@example.com 입니다,EMAIL,txjgnr19@example.com
신한 계좌 827-430093-48 거래내역 조회해줘,ACCOUNT,827-430093-48
본인인증이 안돼요 제 주민등록번호는 817338-4960139 입니다 확인해주세요,RRN,817338-4960139
명세서 수신 메일을 olznsh46@example.com로 변경해주세요,EMAIL,olznsh46@example.com
가입 이메일 blhwql25@example.com 확인 부탁드려요,EMAIL,blhwql25@example.com
자동이체 등록하려는데 계좌번호 829-800332-69 입니다,ACCOUNT,829-800332-69
이메일 msblnm64@example.com로 거래내역 보내주세요,EMAIL,msblnm64@example.com
알림 받을 전화번호 010-1098-2897 등록해주세요,PHONE,010-1098-2897
계좌 개설하려고 하는데 921947-3469660 로 인증 가능할까요,RRN,921947-3469660
신은진 명의 계좌 확인 부탁드립니다,NAME,신은진
금융정보 확인 부탁해요 주민번호 983577-3171789 예요,RRN,983577-3171789
명세서 수신 메일을 uusltx66@example.com로 변경해주세요,EMAIL,uusltx66@example.com
예금 가입자명이 오준우으로 되어있는지 확인해주세요,NAME,오준우
김예희 명의 계좌 확인 부탁드립니다,NAME,김예희
제 이름 정도원인데 대출 한도 조회해주세요,NAME,정도원
이메일 gtopog44@example.com로 거래내역 보내주세요,EMAIL,gtopog44@example.com
안녕하세요 이유림입니다 금융 상담 받고싶어요,NAME,이유림
이메일 wjzfrb65@example.com로 거래내역 보내주세요,EMAIL,wjzfrb65@example.com
이메일 undkkf67@example.com로 거래내역 보내주세요,EMAIL,undkkf67@example.com
예금 가입자명이 임서림으로 되어있는지 확인해주세요,NAME,임서림
안녕하세요 김민우입니다 금융 상담 받고싶어요,NAME,김민우
대출 신청하려는데 주민번호 725053-4743117 입력하면 조회되나요?,RRN,725053-4743117
내 신한 554-865153-14 계좌 잔액 확인 가능해?,ACCOUNT,554-865153-14
예금 가입자명이 조민우으로 되어있는지 확인해주세요,NAME,조민우
본인인증이 안돼요 제 주민등록번호는 796848-2944358 입니다 확인해주세요,RRN,796848-2944358
가입 이메일 oxzhwd95@example.com 확인 부탁드려요,EMAIL,oxzhwd95@example.com
내 농협 270-273521-68 계좌 잔액 확인 가능해?,ACCOUNT,270-273521-68
대출 신청하려는데 주민번호 810396-1095849 입력하면 조회되나요?,RRN,810396-1095849
대출 상담 연락은 010-7816-2003로 주세요,PHONE,010-7816-2003
휴대폰 번호 010-3153-8738로 본인인증 문자 다시 보내줘,PHONE,010-3153-8738
내 카카오뱅크 433-417469-22 계좌 잔액 확인 가능해?,ACCOUNT,433-417469-22
휴대폰 번호 010-2450-5624로 본인인증 문자 다시 보내줘,PHONE,010-2450-5624
자동이체 등록하려는데 계좌번호 798-318355-39 입니다,ACCOUNT,798-318355-39
본인인증이 안돼요 제 주민등록번호는 906966-2690871 입니다 확인해주세요,RRN,906966-2690871
전자문서 받을 주소는 wrlqta1@example.com 입니다,EMAIL,wrlqta1@example.com
박성진 명의 계좌 확인 부탁드립니다,NAME,박성진
연락처 변경할게요 새 번호는 010-5256-5244 입니다,PHONE,010-5256-5244
예금 가입자명이 강현원으로 되어있는지 확인해주세요,NAME,강현원
대출 상담 연락은 010-1549-7054로 주세요,PHONE,010-1549-7054
알림 받을 전화번호 010-2385-5910 등록해주세요,PHONE,010-2385-5910
자동이체 등록하려는데 계좌번호 440-771243-70 입니다,ACCOUNT,440-771243-70
대출 상담 연락은 010-3241-6137로 주세요,PHONE,010-3241-6137
가입 이메일 crbitl2@example.com 확인 부탁드려요,EMAIL,crbitl2@example.com
안녕하세요 박민율입니다 금융 상담 받고싶어요,NAME,박민율
명세서 수신 메일을 dlbejp38@example.com로 변경해주세요,EMAIL,dlbejp38@example.com
자동이체 등록하려는데 계좌번호 150-943980-11 입니다,ACCOUNT,150-943980-11
본인인증이 안돼요 제 주민등록번호는 882887-1868031 입니다 확인해주세요,RRN,882887-1868031
내 토스뱅크 203-472955-17 계좌 잔액 확인 가능해?,ACCOUNT,203-472955-17
송금 오류났는데 출금계좌 886-269421-48 확인해줘,ACCOUNT,886-269421-48
안녕하세요 이하호입니다 금융 상담 받고싶어요,NAME,이하호
연락처 변경할게요 새 번호는 010-7122-3922 입니다,PHONE,010-7122-3922
대출 신청하려는데 주민번호 624494-2557439 입력하면 조회되나요?,RRN,624494-2557439
금융정보 확인 부탁해요 주민번호 753630-2554027 예요,RRN,753630-2554027
대출 신청하려는데 주민번호 693132-1684505 입력하면 조회되나요?,RRN,693132-1684505
휴대폰 번호 010-4926-8113로 본인인증 문자 다시 보내줘,PHONE,010-4926-8113
전자문서 받을 주소는 rcdwkx95@example.com 입니다,EMAIL,rcdwkx95@example.com
예금 가입자명이 신도진으로 되어있는지 확인해주세요,NAME,신도진
연락처 변경할게요 새 번호는 010-1948-1766 입니다,PHONE,010-1948-1766
전자문서 받을 주소는 uzxbrt66@example.com 입니다,EMAIL,uzxbrt66@example.com
명세서 수신 메일을 qrhuue16@example.com로 변경해주세요,EMAIL,qrhuue16@example.com
내 농협 853-779257-16 계좌 잔액 확인 가능해?,ACCOUNT,853-779257-16
휴대폰 번호 010-8976-1749로 본인인증 문자 다시 보내줘,PHONE,010-8976-1749
전자문서 받을 주소는 wfpdxl63@example.com 입니다,EMAIL,wfpdxl63@example.com
계좌 개설하려고 하는데 940678-2576126 로 인증 가능할까요,RRN,940678-2576126
명세서 수신 메일을 jmtsjt6@example.com로 변경해주세요,EMAIL,jmtsjt6@example.com
내 하나 486-440909-93 계좌 잔액 확인 가능해?,ACCOUNT,486-440909-93
휴대폰 번호 010-1507-3907로 본인인증 문자 다시 보내줘,PHONE,010-1507-3907
금융정보 확인 부탁해요 주민번호 984560-4756291 예요,RRN,984560-4756291
안녕하세요 이민율입니다 금융 상담 받고싶어요,NAME,이민율
예금 가입자명이 장성율으로 되어있는지 확인해주세요,NAME,장성율
명세서 수신 메일을 grxhhn55@example.com로 변경해주세요,EMAIL,grxhhn55@example.com
농협 계좌 258-193126-88 거래내역 조회해줘,ACCOUNT,258-193126-88
송금 오류났는데 출금계좌 809-726305-71 확인해줘,ACCOUNT,809-726305-71
국민 계좌 580-899127-70 거래내역 조회해줘,ACCOUNT,580-899127-70
송금 오류났는데 출금계좌 685-394319-24 확인해줘,ACCOUNT,685-394319-24
자동이체 등록하려는데 계좌번호 475-816132-34 입니다,ACCOUNT,475-816132-34
안녕하세요 장예우입니다 금융 상담 받고싶어요,NAME,장예우
안녕하세요 강현빈입니다 금융 상담 받고싶어요,NAME,강현빈
본인인증이 안돼요 제 주민등록번호는 635673-4736784 입니다 확인해주세요,RRN,635673-4736784
알림 받을 전화번호 010-6547-6855 등록해주세요,PHONE,010-6547-6855
제 이름 장성진인데 대출 한도 조회해주세요,NAME,장성진
계좌 개설하려고 하는데 950429-3023900 로 인증 가능할까요,RRN,950429-3023900
휴대폰 번호 010-9768-4061로 본인인증 문자 다시 보내줘,PHONE,010-9768-4061
대출 상담 연락은 010-2798-9119로 주세요,PHONE,010-2798-9119
국민 계좌 569-443015-90 거래내역 조회해줘,ACCOUNT,569-443015-90
연락처 변경할게요 새 번호는 010-6741-2665 입니다,PHONE,010-6741-2665
제 이름 윤하원인데 대출 한도 조회해주세요,NAME,윤하원
안녕하세요 최영연입니다 금융 상담 받고싶어요,NAME,최영연
하나 계좌 176-928905-53 거래내역 조회해줘,ACCOUNT,176-928905-53
송금 오류났는데 출금계좌 650-937416-95 확인해줘,ACCOUNT,650-937416-95
대출 신청하려는데 주민번호 918227-4869695 입력하면 조회되나요?,RRN,918227-4869695
안녕하세요 김수아입니다 금융 상담 받고싶어요,NAME,김수아
본인인증이 안돼요 제 주민등록번호는 622194-3978295 입니다 확인해주세요,RRN,622194-3978295
농협 계좌 906-497647-93 거래내역 조회해줘,ACCOUNT,906-497647-93
자동이체 등록하려는데 계좌번호 489-336085-47 입니다,ACCOUNT,489-336085-47
제 이름 장유율인데 대출 한도 조회해주세요,NAME,장유율
안녕하세요 박성석입니다 금융 상담 받고싶어요,NAME,박성석
금융정보 확인 부탁해요 주민번호 735399-3327717 예요,RRN,735399-3327717
권수원 명의 계좌 확인 부탁드립니다,NAME,권수원
계좌 개설하려고 하는데 613995-4926799 로 인증 가능할까요,RRN,613995-4926799
휴대폰 번호 010-7088-1464로 본인인증 문자 다시 보내줘,PHONE,010-7088-1464
본인인증이 안돼요 제 주민등록번호는 794311-2425824 입니다 확인해주세요,RRN,794311-2425824
계좌 개설하려고 하는데 676608-4548612 로 인증 가능할까요,RRN,676608-4548612
알림 받을 전화번호 010-7190-6896 등록해주세요,PHONE,010-7190-6896
전자문서 받을 주소는 qtgchk71@example.com 입니다,EMAIL,qtgchk71@example.com
자동이체 등록하려는데 계좌번호 563-658776-50 입니다,ACCOUNT,563-658776-50
명세서 수신 메일을 dwihuu90@example.com로 변경해주세요,EMAIL,dwihuu90@example.com
이메일 ucoevg7@example.com로 거래내역 보내주세요,EMAIL,ucoevg7@example.com
연락처 변경할게요 새 번호는 010-3388-2996 입니다,PHONE,010-3388-2996
이메일 rkfsuf35@example.com로 거래내역 보내주세요,EMAIL,rkfsuf35@example.com
본인인증이 안돼요 제 주민등록번호는 663199-2252939 입니다 확인해주세요,RRN,663199-2252939
박예아 명의 계좌 확인 부탁드립니다,NAME,박예아
안녕하세요 오성훈입니다 금융 상담 받고싶어요,NAME,오성훈
제 이름 최은우인데 대출 한도 조회해주세요,NAME,최은우
연락처 변경할게요 새 번호는 010-5621-4825 입니다,PHONE,010-5621-4825
금융정보 확인 부탁해요 주민번호 979724-3730152 예요,RRN,979724-3730152
계좌 개설하려고 하는데 762659-1930026 로 인증 가능할까요,RRN,762659-1930026
계좌 개설하려고 하는데 694948-3877352 로 인증 가능할까요,RRN,694948-3877352
안녕하세요 박태훈입니다 금융 상담 받고싶어요,NAME,박태훈
제 이름 장성림인데 대출 한도 조회해주세요,NAME,장성림
자동이체 등록하려는데 계좌번호 959-656201-82 입니다,ACCOUNT,959-656201-82
송금 오류났는데 출금계좌 170-356837-47 확인해줘,ACCOUNT,170-356837-47
내 국민 809-113329-21 계좌 잔액 확인 가능해?,ACCOUNT,809-113329-21
대출 상담 연락은 010-6139-8329로 주세요,PHONE,010-6139-8329
계좌 개설하려고 하는데 832470-2302782 로 인증 가능할까요,RRN,832470-2302782
연락처 변경할게요 새 번호는 010-7187-8304 입니다,PHONE,010-7187-8304
예금 가입자명이 임영석으로 되어있는지 확인해주세요,NAME,임영석
휴대폰 번호 010-4888-6330로 본인인증 문자 다시 보내줘,PHONE,010-4888-6330
제 이름 박준연인데 대출 한도 조회해주세요,NAME,박준연
자동이체 등록하려는데 계좌번호 849-776541-47 입니다,ACCOUNT,849-776541-47
예금 가입자명이 서예연으로 되어있는지 확인해주세요,NAME,서예연
휴대폰 번호 010-8347-4190로 본인인증 문자 다시 보내줘,PHONE,010-8347-4190
안녕하세요 이수우입니다 금융 상담 받고싶어요,NAME,이수우
알림 받을 전화번호 010-4968-5210 등록해주세요,PHONE,010-4968-5210
명세서 수신 메일을 zvjycy16@example.com로 변경해주세요,EMAIL,zvjycy16@example.com
알림 받을 전화번호 010-9571-6153 등록해주세요,PHONE,010-9571-6153
전자문서 받을 주소는 faevxk76@example.com 입니다,EMAIL,faevxk76@example.com
대출 신청하려는데 주민번호 941467-4446613 입력하면 조회되나요?,RRN,941467-4446613
신지율 명의 계좌 확인 부탁드립니다,NAME,신지율
계좌 개설하려고 하는데 911272-3548390 로 인증 가능할까요,RRN,911272-3548390
대출 상담 연락은 010-5320-1988로 주세요,PHONE,010-5320-1988
이메일 ihjzew17@example.com로 거래내역 보내주세요,EMAIL,ihjzew17@example.com
내 카카오뱅크 310-243201-82 계좌 잔액 확인 가능해?,ACCOUNT,310-243201-82
내 농협 392-226194-95 계좌 잔액 확인 가능해?,ACCOUNT,392-226194-95
이메일 vfmrhq91@example.com로 거래내역 보내주세요,EMAIL,vfmrhq91@example.com
농협 계좌 739-248686-17 거래내역 조회해줘,ACCOUNT,739-248686-17
자동이체 등록하려는데 계좌번호 499-882905-51 입니다,ACCOUNT,499-882905-51
예금 가입자명이 장서원으로 되어있는지 확인해주세요,NAME,장서원
계좌 개설하려고 하는데 774416-4769710 로 인증 가능할까요,RRN,774416-4769710
자동이체 등록하려는데 계좌번호 350-940696-21 입니다,ACCOUNT,350-940696-21
안녕하세요 장하희입니다 금융 상담 받고싶어요,NAME,장하희
휴대폰 번호 010-7299-5018로 본인인증 문자 다시 보내줘,PHONE,010-7299-5018
알림 받을 전화번호 010-7783-4456 등록해주세요,PHONE,010-7783-4456
송금 오류났는데 출금계좌 134-433193-62 확인해줘,ACCOUNT,134-433193-62
금융정보 확인 부탁해요 주민번호 603931-1129226 예요,RRN,603931-1129226
제 이름 장수빈인데 대출 한도 조회해주세요,NAME,장수빈
장지빈 명의 계좌 확인 부탁드립니다,NAME,장지빈
가입 이메일 ikcwxm71@example.com 확인 부탁드려요,EMAIL,ikcwxm71@example.com
송금 오류났는데 출금계좌 744-807537-93 확인해줘,ACCOUNT,744-807537-93
예금 가입자명이 김태율으로 되어있는지 확인해주세요,NAME,김태율
대출 상담 연락은 010-1720-6205로 주세요,PHONE,010-1720-6205
내 신한 831-938212-81 계좌 잔액 확인 가능해?,ACCOUNT,831-938212-81
안녕하세요 장하율입니다 금융 상담 받고싶어요,NAME,장하율
대출 신청하려는데 주민번호 656357-3508689 입력하면 조회되나요?,RRN,656357-3508689
대출 상담 연락은 010-5044-5025로 주세요,PHONE,010-5044-5025
대출 상담 연락은 010-8279-6818로 주세요,PHONE,010-8279-6818
전자문서 받을 주소는 mqkwnt34@example.com 입니다,EMAIL,mqkwnt34@example.com
이메일 ozxozp35@example.com로 거래내역 보내주세요,EMAIL,ozxozp35@example.com
하나 계좌 808-573202-75 거래내역 조회해줘,ACCOUNT,808-573202-75
신한 계좌 410-875731-77 거래내역 조회해줘,ACCOUNT,410-875731-77
가입 이메일 oqklxz54@example.com 확인 부탁드려요,EMAIL,oqklxz54@example.com
내 토스뱅크 249-182953-41 계좌 잔액 확인 가능해?,ACCOUNT,249-182953-41
대출 신청하려는데 주민번호 798599-4014368 입력하면 조회되나요?,RRN,798599-4014368
계좌 개설하려고 하는데 684738-2515906 로 인증 가능할까요,RRN,684738-2515906
이메일 sqnikf29@example.com로 거래내역 보내주세요,EMAIL,sqnikf29@example.com
내 우리 461-374701-92 계좌 잔액 확인 가능해?,ACCOUNT,461-374701-92
알림 받을 전화번호 010-1410-1918 등록해주세요,PHONE,010-1410-1918
휴대폰 번호 010-9836-7188로 본인인증 문자 다시 보내줘,PHONE,010-9836-7188
예금 가입자명이 이영희으로 되어있는지 확인해주세요,NAME,이영희
송금 오류났는데 출금계좌 361-804008-57 확인해줘,ACCOUNT,361-804008-57
자동이체 등록하려는데 계좌번호 362-963669-47 입니다,ACCOUNT,362-963669-47
본인인증이 안돼요 제 주민등록번호는 733666-1745527 입니다 확인해주세요,RRN,733666-1745527
본인인증이 안돼요 제 주민등록번호는 837123-3320882 입니다 확인해주세요,RRN,837123-3320882
